step,board,old_found,old_raw,gpu_raw,abs_raw_delta
0,00f010ff2211fff2,True,2550642457,2755927400,205284943
0,0001f0ff212ff2f1,True,2597690714,2342178051,255512663
0,0001f0ff12fff221,True,2389538351,3090390895,700852544
0,000ff0f1f0ff1321,True,2598188125,2595653608,2534517
0,0001f0ff101ff32f,True,2352258003,2948842879,596584876
0,00f0f0f112ff2f12,True,2444686207,2068072813,376613394
0,00f0f01ff2f2121f,True,2697676805,2722720678,25043873
0,00f0f01f21fff212,True,2598188125,2785594144,187406019
0,00f0f01f12f2f21f,True,2582418339,2592414058,9995719
0,0010f0fff11f22f2,True,2582418339,2640586214,58167875
0,0010f0ff21f1f2f2,True,2597690714,2114345430,483345284
0,0010f0fff0f2131f,True,2348112366,2452738938,104626572
0,0012f1f10ff20f2f,True,2143304330,2642062652,498758322
0,0000f1ff1f2221ff,True,2455784660,2424343201,31441459
0,000ff10f1f0f213f,True,2510746134,3207352667,696606533
0,001112ffffff1111,True,2441463006,2957626158,516163152
0,00220ff1fff1012f,True,2451487651,2491600168,40112517
0,00220f1fff1f01f2,True,2510746134,2402878411,107867723
0,00030f1fff1f012f,True,2550642457,2717590724,166948267
0,000f0ff112ff2f21,True,2492455557,2542547544,50091987
0,000f0f1f121f2f2f,True,2212750408,3286757857,1074007449
0,00010ffff21212ff,True,2293063027,2470536733,177473706
0,00010fff1f1f222f,True,2143304330,2445009827,301705497
0,00010fff0f2131ff,True,2443258699,2337401841,105856858
0,000f0ff11f2f03f1,True,2493608295,2501524604,7916309
0,00010fff1f2103ff,True,2308865369,2287536397,21328972
0,000f0f1f1f2f0f31,True,2499785567,2713152667,213367100
0,00100fff1fff2212,True,2510746134,2666609006,155862872
0,00121f1f0003ffff,True,2476290934,3342598142,866307208
0,00001fff0f2f03f2,True,2374582873,2603133241,228550368
0,0010fff02211fff2,True,2548960640,2775978663,227018023
0,0003ffff01f10f12,True,2195933849,2578657694,382723845
0,00f0f0f1f2ff2211,True,2451487651,2602503796,151016145
0,00f0f0f122fff211,True,2548960640,2209741297,339219343
0,00f0f0f1221ff2f1,True,2597690714,2504231645,93459069
0,0010f0fff01123ff,True,2476290934,2730782213,254491279
0,100ff00f12f1f22f,True,2492455557,2908304362,415848805
0,132ff0f1100ff00f,True,2476290934,2743122336,266831402
0,0012f1f10f2f1f1f,True,2232304499,2313344554,81040055
0,0012f1f1012fff1f,True,2598188125,2767515849,169327724
0,0000f1ff2f11ff22,True,2597690714,2411443451,186247263
0,00030ff1f1f1f1f1,True,2322497615,2572325492,249827877
0,000f0ff1f21f03f1,True,2582418339,2796675697,214257358
0,00121f1f0f2f1ff1,True,2493608295,2434934551,58673744
0,00121ff1f1ff0f12,True,2352168884,2121292685,230876199
0,00001ffff12f22f1,True,2451487651,2509028458,57540807
0,00001fffff1f3210,True,2745433158,2745433151,7
0,00001fffff202f30,True,2477948156,2477948150,6
0,000f1f0f211ff22f,True,2212750408,3279700993,1066950585
0,000fff01122fff21,True,2352168884,2538261214,186092330
0,0001ff0ff121f22f,True,2348112366,3082492147,734379781
0,000fff012f0ff131,True,2597690714,2586206173,11484541
0,0010fff0f112f2f2,True,2212750408,2824309889,611559481
0,0010fff012f2ff12,True,2352168884,2169351932,182816952
0,0012f1f11f1f1ff1,True,2598188125,2214669078,383519047
0,0000f1ff31f0ff21,True,2476290934,2511975619,35684685
0,00010fff1f12f2f2,True,2388532612,2182133617,206398995
0,00121ff11ff11f1f,True,2352168884,2349087993,3080891
0,00001fff0222ff2f,True,2441463006,2605496330,164033324
0,00001fffff1f0231,True,2687997501,2687997495,6
0,00001ffff1213ff0,True,2550642457,2546715795,3926662
0,0001f0ffff11222f,True,2457039261,2512512390,55473129
0,00f0f01ff2f12f12,True,2510746134,2478589466,32156668
0,100ff00ff101f23f,True,2348112366,3080644753,732532387
0,0000f1ff1f1f2f22,True,2253561626,2386187864,132626238
0,0000f1ff1212ff2f,True,2352258003,2307379162,44878841
0,0000f1fffff12130,True,2739643600,2380509736,359133864
0,0000f1ffff1f2221,True,2308865369,2657890040,349024671
0,0000f1fff2112ff2,True,2352258003,2350861637,1396366
0,0000f1ff2211fff2,True,2352258003,2909099372,556841369
0,000ff10f1f212f2f,True,2492455557,2600554983,108099426
0,0001f22ffff1111f,True,2476290934,2311276950,165013984
0,0001f22f1ffff111,True,2352258003,2289835359,62422644
0,00100ffff2112ff2,True,2322497615,2242676264,79821351
0,00001fff2f12f12f,True,2308865369,2149538845,159326524
0,00001fff2f11f22f,True,2457039261,2518367232,61327971
0,00001fff2211ff2f,True,2374582873,2618124200,243541327
0,00001fff2f20f2f2,True,2837251633,2322425109,514826524
0,00001fff031fff21,True,2550642457,2673941069,123298612
0,000f1f0f210fff31,True,2352258003,2759017166,406759163
0,00022f1ff1f11f1f,True,2476290934,2281373795,194917139
0,00012f2ffff1111f,True,2598188125,1980630897,617557228
0,0001ff0f1f2f212f,True,2389538351,2693278301,303739950
0,00f0ff1021fff212,True,2476290934,2539888507,63597573
0,0010fff01fff2212,True,2374582873,2467487816,92904943
0,0010fff0211ff2f2,True,2212750408,2381636362,168885954
0,0010fff012f22f1f,True,2348112366,2289069221,59043145
0,002f02f1f1ff01f2,True,2548960640,2123778401,425182239
0,0022ffff002f012f,True,2352168884,2785024285,432855401
0,001f00ff221f2ff1,True,2697676805,2563051588,134625217
0,001f00ff201ff3f1,True,2352258003,2849111868,496853865
0,000f10fff12122ff,True,2582418339,2826433135,244014796
0,000f10fff01f132f,True,2212750408,3316953264,1104202856
0,00f010fff0f113f2,True,2322497615,2507711947,185214332
0,002f012ffff101f2,True,2451487651,2412726638,38761013
0,002201fffff1012f,True,2451487651,2238097169,213390482
0,000f013f0ff1f12f,True,2441463006,2338058896,103404110
0,000301fff1ff0f12,True,2352168884,2675212479,323043595
0,000301fff1f10ff2,True,2212750408,2364549212,151798804
0,000f01fff2f112f2,True,2293063027,3019198733,726135706
0,000f01fff21f12f2,True,2661045772,2908114510,247068738
0,000f01ff12ff2f21,True,2598188125,3012561396,414373271
0,001f02f2ffff0022,True,2352258003,2371786903,19528900
0,001202ffffff0022,True,2444686207,2796558214,351872007
0,00220f1ff1ff01f2,True,2548960640,2556376523,7415883
0,0022ffff02f100f2,True,2457039261,2309290114,147749147
0,000f10ff22f1f21f,True,2697676805,3078428964,380752159
0,000f10ff20fff311,True,2441463006,3183367166,741904160
0,00f0f01f10ff23f1,True,2598188125,2679732902,81544777
0,002201fff1f11f1f,True,2441463006,2204033123,237429883
0,000f01ff2fff2211,True,2253561626,3044402422,790840796
0,000f01ff2f1f22f1,True,2293063027,2625750991,332687964
0,0012f1f1f1ff012f,True,2597690714,2899135194,301444480
0,002f02f1ff1f01f2,True,2510746134,2063701897,447044237
0,002f0f12f1ff02f1,True,2348112366,2326981527,21130839
0,000f0f1f12ff03f1,True,2281806063,2829798889,547992826
0,000f0f1f12f103ff,True,2597690714,2501408621,96282093
0,00100fff21f122ff,True,2322497615,2490881687,168384072
0,00121f1f1fff012f,True,2582418339,2687419859,105001520
0,00021ff2f1ff01f2,True,2476290934,2042000613,434290321
0,00001fff0f2f023f,True,2444686207,2731301175,286614968
0,0012f1f102fff1f1,True,2393965560,2249193616,144771944
0,0012f1f11ff102ff,True,2597690714,2410807854,186882860
0,0000f1ff12f10ff3,True,2550642457,2204098506,346543951
0,002f02f1fff102f1,True,2661045772,2042182493,618863279
0,000103ffffff0022,True,2212750408,2888968923,676218515
0,000f0f31ffff0022,True,2476290934,2806368285,330077351
0,00010fff02f22ff2,True,2457039261,2246359695,210679566
0,00001ffff1f1023f,True,2444686207,2491888905,47202698
0,0003ffff00030ff1,True,2212750408,2823758083,611007675
0,00f020fff1f1f212,True,2348112366,2781159560,433047194
0,001ff0f112fff211,True,2348112366,2256923882,91188484
0,00fff011f0ff1311,True,2476290934,2859585161,383294227
0,0011f0fff0ff1311,True,2441463006,3196949807,755486801
0,000ff02ff0ff1311,True,2352258003,3101276194,749018191
0,00f0f0f2f21f12f1,True,2598188125,2625955302,27767177
0,1001f0ff11fff221,True,2348112366,3060674632,712562266
0,1001f0ff112ff2f1,True,2597690714,2379137745,218552969
0,000f11ffff11212f,True,2441463006,2495068250,53605244
0,00f011ffff1121f2,True,2441463006,2436569621,4893385
0,000ff1f11f1221ff,True,2598188125,2316036234,282151891
0,00f0f1f11f1221ff,True,2212750408,2159779419,52970989
0,0f0ff1011f1f2f21,True,2212750408,2604344628,391594220
0,0f01f10f2f11f12f,True,2476290934,2486040037,9749103
0,000f02ff1f1f2f21,True,2212750408,2533469786,320719378
0,0000f2ff0ff221f2,True,2348112366,2310810305,37302061
0,0000f2ff01f22ff2,True,2212750408,2272897113,60146705
0,0000f2ff1ff2022f,True,2195933849,2253254308,57320459
0,00220f2fff1f01f1,True,2348112366,2401157212,53044846
0,00030ff2fff101f1,True,2510746134,2667764994,157018860
0,001f0ff12fff2111,True,2352168884,2275212633,76956251
0,00110ffff1ff2211,True,2441463006,2988398372,546935366
0,00110fff211f2ff1,True,2212750408,2431731495,218981087
0,00110fff21112fff,True,2476290934,2983406492,507115558
0,00110fff121f2ff1,True,2322497615,2428942108,106444493
0,00020fff1ff1031f,True,2492455557,2507370837,14915280
0,00031ff1fff100f2,True,2550642457,2697630822,146988365
0,000f1ff1f1f2121f,True,2322497615,2475248217,152750602
0,000f1ff1f11f122f,True,2476290934,2534204320,57913386
0,00011ffff11f122f,True,2441463006,2767063564,325600558
0,00002ffffff12300,True,2206153451,2682383024,476229573
0,00002fffff212f20,True,2235784125,2264670889,28886764
0,0001fff1012f03ff,True,2212750408,2649061964,436311556
0,0012ffff0022f1f1,True,2510746134,2569286188,58540054
0,0101ff0ff11f2f21,True,2441463006,2482118448,40655442
0,0101ff0f1f1f2f21,True,2697676805,2222036562,475640243
0,100ff0f1f01f13f1,True,2476290934,2434352217,41938717
0,1001f0ff10fff311,True,2441463006,3198739757,757276751
0,0022f1f10ff1f1f1,True,2699823493,2431029654,268793839
0,0000f2ff1f2121ff,True,2281806063,2248656300,33149763
0,000ff20f1f1f212f,True,2441463006,3226326634,784863628
0,000ff20f1f2121ff,True,2322497615,2424138267,101640652
0,00f0f2f01f1f21f2,True,2476290934,2285599941,190690993
0,00020fff1f2ff121,True,2451487651,2323575102,127912549
0,00020fff0f222ff1,True,2550642457,2201549267,349093190
0,00221f1f01f1fff1,True,2582418339,2724117080,141698741
0,00031ff10ff11f1f,True,2393965560,2367991666,25973894
0,00031ff11ff10ff1,True,2322497615,2848451440,525953825
0,00031f1ff1f10ff1,True,2212750408,2522554074,309803666
0,00011fff21f1f21f,True,2598188125,2639155136,40967011
0,00011ffff1f1031f,True,2550642457,2282216442,268426015
0,00101ffff1f1221f,True,2548960640,2216136537,332824103
0,0001ff1f11ff221f,True,2548960640,2948115695,399155055
0,0001ff1f02ff031f,True,2548960640,3032268811,483308171
0,100fff01112fff21,True,2441463006,2502755146,61292140
0,01f1ff1f00031ff1,True,2352258003,2196225776,156032227
0,0001f1ff2ff10f22,True,2212750408,2339781278,127030870
0,00020ffff21f1f21,True,2352168884,2108728721,243440163
0,0001f1ffff1f1221,True,2597690714,2529434691,68256023
0,0001f1ff1f112f2f,True,2352168884,2231736505,120432379
0,0001f1ff12f1ff12,True,2322497615,1992480784,330016831
0,0010f1fff2f11f12,True,2352258003,2231017689,121240314
0,100ff10fff2f1121,True,2548960640,2844131857,295171217
0,100ff10fff0f1131,True,2441463006,2846837244,405374238
0,0000f2ffff2102f2,True,2451487651,2541374809,89887158
0,0000f2ffff12022f,True,2598188125,2522809393,75378732
0,0000f2ff2ff10f22,True,2322497615,2242803810,79693805
0,0000f2ff2f1ff121,True,2212750408,2484864333,272113925
0,000ff20fff1f2121,True,2441463006,2865571357,424108351
0,000ff20fff11212f,True,2212750408,2791549951,578799543
0,00011fffff11212f,True,2499785567,2425873144,73912423
0,00101fff2ff1f112,True,2548960640,2544672270,4288370
0,00101ffff2111ff2,True,2697676805,2238228364,459448441
0,00101ffff1112ff2,True,2352258003,2202092088,150165915
0,00101fff21f1ff12,True,2598188125,2480455929,117732196
0,00002fffff2111f2,True,2162084866,2079617042,82467824
0,00002ffff2111f2f,True,2388532612,2590964416,202431804
0,00002fffff2012f2,True,2698315690,2330918679,367397011
0,0001ff1f1ff1221f,True,2444686207,2343391783,101294424
0,00f0ff1111fff212,True,2322497615,2247930406,74567209
0,0010fff11fff2112,True,2661045772,2470858630,190187142
0,010fff011fff2121,True,2550642457,2114178094,436464363
0,010fff011f2f21f1,True,2348112366,1963652473,384459893
0,0101ff0f11f12f2f,True,2548960640,2385134095,163826545
0,1131ff0f110ff00f,True,2476290934,2914967168,438676234
0,002fff1f0f120f12,True,2232304499,2814487953,582183454
0,00220f2ff1ff00f2,True,2598188125,2647716993,49528868
0,00030ff2f1ff002f,True,2441463006,2466083281,24620275
0,00ff101f21f1f21f,True,2476290934,2602783390,126492456
0,00ff10f1f0ff1311,True,2352258003,2492107435,139849432
0,00f020fff1ff1212,True,2550642457,3098393155,547750698
0,001ff0f111ff221f,True,2441463006,2487704031,46241025
0,0001f1ff01f203ff,True,2441463006,2349145676,92317330
0,002ff1ff0003f1f1,True,2322497615,2774224944,451727329
0,000f02ff1ff1212f,True,2322497615,2971907812,649410197
0,000f02fff1f2121f,True,2548960640,3195317374,646356734
0,000f0f2f11ff22f1,True,2212750408,2831507223,618756815
0,00221f1ff1ff00f2,True,2598188125,2715923952,117735827
0,002f1fff00221ff1,True,2598188125,2620937253,22749128
0,002f1fff00031f1f,True,2476290934,2695603428,219312494
0,0022f1f10fff02f1,True,2739643600,2100774060,638869540
0,0022f1f102ff0f1f,True,2195933849,2679046587,483112738
0,0003f1f101ff1ff1,True,2393965560,2645156633,251191073
0,002202fff1f10ff1,True,2212750408,2602524792,389774384
0,001f0ff121ff0f22,True,2441463006,2360598924,80864082
0,00020fff12ff0f22,True,2597690714,2706244031,108553317
0,00221ff101f1f1ff,True,2550642457,2539662416,10980041
0,00221ff101ff1f1f,True,2697676805,2324009196,373667609
0,00221ff1f1ff01f1,True,2322497615,2003178877,319318738
0,00031f1f01f1f1ff,True,2550642457,2404552677,146089780
0,002fff1f01f202f1,True,2444686207,2362195105,82491102
0,0001f1ff0ff2212f,True,2281806063,2345452026,63645963
0,0001f1ff1ff2022f,True,2232304499,2247453733,15149234
0,00030ff2fff1002f,True,2352168884,2990653355,638484471
0,00030f2ffff1002f,True,2352168884,2654384644,302215760
0,001ff1f11f1f21f1,True,2476290934,1907875267,568415667
0,0011f1ff1f1121ff,True,2476290934,2698733479,222442545
0,00f012ffff1111f2,True,2476290934,2406728668,69562266
0,00f11f1ff1ff1211,True,2212750408,2290089712,77339304
0,110fff01111fff21,True,2476290934,2564252447,87961513
0,00102ffff1f1121f,True,2441463006,2092539072,348923934
0,000fff1202ff0f22,True,2352258003,2491365944,139107941
0,0002f1ff1f1ff121,True,2352258003,2355462052,3204049
0,00012fff0f121f2f,True,2352258003,2297254925,55003078
0,000f2f1ffff10122,True,2598188125,2281653010,316535115
0,0001fff21fff0212,True,2352258003,2519675845,167417842
0,01101ffff1f11f12,True,2352258003,1941533691,410724312
0,00102ffff1111ff2,True,2352258003,2259711923,92546080
0,010f2f0ff1111f2f,True,2476290934,2635626454,159335520
0,010fff1111ff2f11,True,2476290934,2001525279,474765655
0,00f120fff11f12f1,True,2352258003,2303326888,48931115
0,000ff1f21fff0212,True,2352258003,2185429352,166828651
0,000ff12f1ff1022f,True,2476290934,2444645338,31645596
0,001f0f2ff1f1121f,True,2476290934,2294926349,181364585
0,100ff0ff111ff221,True,2352258003,3046331718,694073715
0,002ff1f10f2f0f12,True,2837251633,2133167989,704083644
0,0022f1ff0f120ff1,True,2618222579,2625947553,7724974
0,02f1f1f101f11f1f,True,2550642457,2102503297,448139160
0,00f21ff10003fff1,True,2441463006,2699400217,257937211
0,00121fff0003ff1f,True,2212750408,2653761568,441011160
0,0012ff1ff1ff0022,True,2598188125,2589557576,8630549
0,0022fff100f2f1f1,True,2492455557,2492455552,5
0,0022fff10012f1ff,True,2352258003,2738822819,386564816
0,0022fff100121fff,True,2476290934,2799218829,322927895
0,0022fff101ff0f12,True,2308865369,2308865363,6
0,0003fff1002f1ff1,True,2352168884,2411078327,58909443
0,0003fff1012f0ff1,True,2393965560,2519649301,125683741
0,0003fff101f10f2f,True,2293063027,2381382243,88319216
0,0003ff1f0f1f01f2,True,2443258699,2419634248,23624451
0,0003ff1f01f10ff2,True,2493608295,2460677317,32930978
0,00f2f1f10f12f1f1,True,2393965560,2445884570,51919010
0,01f2f1f10012ff1f,True,2212750408,2631626977,418876569
0,012ff1f10012fff1,True,2441463006,2889649982,448186976
0,00f21f1f0f12f1f1,True,2393965560,2396472937,2507377
0,00f21ff11ff10f12,True,2548960640,2618324624,69363984
0,00121fff1ff10f12,True,2548960640,2179188816,369771824
0,0022ff1f1ff101f1,True,2322497615,2202116141,120381474
0,0022ff1f1f1f01f1,True,2212750408,2430850943,218100535
0,0003fff101f1f1f1,True,2421972704,2508808682,86835978
0,000fff1f11f1221f,True,2476290934,2509969491,33678557
0,00f0fff1111f22f1,True,2476290934,2663147147,186856213
0,02f1f1f10012ff1f,True,2212750408,2644328553,431578145
0,0001ffff0f1212f2,True,2451487651,2407589472,43898179
0,0001ffff1f11212f,True,2348112366,2475089656,126977290
0,0001ffff1111f22f,True,2212750408,2681117692,468367284
0,0001ffff02f12f12,True,2510746134,2287640261,223105873
0,0012ff1f0f120ff2,True,2308865369,2781001869,472136500
0,0012ff1ffff10022,True,2597690714,3101974624,504283910
0,0022f1ff01ff01f2,True,2162801140,2692052848,529251708
0,0003f1ff0f2f002f,True,2739643600,2562562580,177081020
0,0012f1ff00031fff,True,2476290934,3010676268,534385334
0,0012f1ff01f20ff2,True,2492455557,2502700973,10245416
0,0022f1ff00121fff,True,2476290934,3025103373,548812439
0,0022f1ff0ff201f1,True,2533798745,2286110252,247688493
0,0003f1ff00f21ff1,True,2451487651,2121892459,329595192
0,0003f1ff002f1f1f,True,2348112366,2623315186,275202820
0,0003f1ff01f20f1f,True,2232304499,2304106959,71802460
0,00221fff1ff100f2,True,2598188125,2510289936,87898189
0,0003fff1002f02ff,True,2322497615,2625307494,302809879
0,0001ffff02ff0032,True,2697676805,2859807030,162130225
0,0012f1ff012f1ff1,True,2582418339,2276464226,305954113
0,00f2f1f1f1f101f2,True,2352258003,2678032550,325774547
0,002ff1f10ff202f1,True,2522540110,1997091399,525448711
0,0012f1ff02f10f2f,True,2293063027,2348100169,55037142
0,012ff1f100f2f1f1,True,2352168884,2441279315,89110431
0,1f1ff200f2101f1f,True,2476290934,2400382911,75908023
0,1f1ff2102100ff1f,True,2352258003,2834048688,481790685
0,00f21f1f01f21ff1,True,2582418339,2333566757,248851582
0,00121fff012ff1f1,True,2550642457,2392686501,157955956
0,00f21ff1f1f1012f,True,2476290934,2200723712,275567222
0,002f1ff1f1f101f2,True,2352258003,2267777666,84480337
0,00f21f1f1f1f012f,True,2476290934,2657779208,181488274
0,002f1f1f1f1f012f,True,2476290934,3220655916,744364982
0,00121ffff1f1012f,True,2476290934,2253618101,222672833
0,0003fff101ff02f1,True,2143304330,2239068492,95764162
0,0012f1ff1f1f02f1,True,2212750408,2352237339,139486931
0,00030fffff1f0003,True,2322497615,2572742000,250244385
0,002f1f1f02f11ff1,True,2451487651,2370468104,81019547
0,002f1f1f02f11f1f,True,2281806063,2355954469,74148406
0,00f21f1f1ff102f1,True,2597690714,1993676284,604014430
0,00f21f1f1f1f02f1,True,2212750408,2323068373,110317965
0,0012fff102ff02f1,True,2388532612,2136313637,252218975
0,0022fff10ff2002f,True,2778456427,2778456422,5
0,0003fff10f2f002f,True,2739643600,2737037859,2605741
0,000ff0ff2111f22f,True,2476290934,2858861348,382570414
0,000ff0fff011132f,True,2476290934,2965041636,488750702
0,00f0f0ff10f1f312,True,2598188125,2777038734,178850609
0,000f0fff2f11212f,True,2510746134,2732580623,221834489
0,000f0fff12112f2f,True,2322497615,2755430059,432932444
0,0000ffff022f03f1,True,2550642457,2873235702,322593245
0,000fff0f112f22f1,True,2348112366,2716084829,367972463
0,0000ffff1f1f0231,True,2493608295,2739236884,245628589
0,122ff211f00ff00f,True,2476290934,3066082795,589791861
0,000fff0ff111222f,True,2212750408,3042427235,829676827
0,000f0ffff12f0131,True,2441463006,3070619780,629156774
0,000ff0ff12ff2211,True,2444686207,3256132224,811446017
0,0000ffff02f102f3,True,2697676805,2562127048,135549757
0,0000ffff02f1023f,True,2582418339,2858991419,276573080
0,000010222ffff2ff,True,2352258003,3114955361,762697358
0,00000122ffff0f3f,True,2322497615,2769607027,447109412
0,00020111ffffff22,True,2212750408,3139932328,927181920
0,00001112f2ffff2f,True,2212750408,2780208942,567458534
0,00000221f2f2ffff,True,2476290934,3227904481,751613547
0,00000023fffff2f1,True,2451487651,2506163997,54676346
0,000000232ffffff1,True,2212750408,2959901528,747151120
0,00001212ffffff21,True,2348112366,3066368376,718256010
0,000001312ffffff1,True,2212750408,2985320771,772570363
0,00002112ffff1f2f,True,2598188125,2293878588,304309537
0,00000222ffff2ff1,True,2548960640,2354453530,194507110
0,00000222ffff2f1f,True,2597690714,2401220104,196470610
0,000012122ffffff1,True,2212750408,2972091364,759340956
0,001200221fffff1f,True,2441463006,2580479955,139016949
0,00030012f1fffff1,True,2598188125,2879960850,281772725
0,00100023ff1ff1ff,True,2597690714,2750584703,152893989
0,00100023fff11fff,True,2348112366,2925719622,577607256
0,000f101122ffff2f,True,2441463006,2559419689,117956683
0,000f1011f02ff3ff,True,2476290934,3240979082,764688148
0,0001101ff02ff3ff,True,2476290934,3415666162,939375228
0,00f0101122f2ffff,True,2352258003,3131650259,779392256
0,0000102fffff22f2,True,2352168884,2569124430,216955546
0,000001230fffff2f,True,2476290934,2992041203,515750269
0,000f011122ffff2f,True,2212750408,2558889635,346139227
0,00f00111ffff22f2,True,2441463006,2204516514,236946492
0,000001f22f2f2fff,True,2441463006,2865064127,423601121
0,0000012ffff222ff,True,2451487651,2352002902,99484749
0,0001002f2f2fff2f,True,2322497615,2994377759,671880144
0,001020f0f2f2f2ff,True,2212750408,2880088846,667338438
0,000011f12ffff22f,True,2352168884,2678730484,326561600
0,0000111fff2f22ff,True,2550642457,2895819979,345177522
0,0000111ff22f2fff,True,2352258003,3152411784,800153781
0,0001110ff22f2fff,True,2352258003,3154516297,802258294
0,001011f0f2f22fff,True,2476290934,2638218764,161927830
0,000002f12ffff2f2,True,2510746134,1964132089,546614045
0,0000021f2ff22fff,True,2441463006,2871358382,429895376
0,0000021fffff0f23,True,2697676805,2484499561,213177244
0,00000f212fff22ff,True,2597690714,2790490810,192800096
0,00000f1203ff2fff,True,2212750408,3080664915,867914507
0,0001200ff20fff3f,True,2212750408,2984963844,772213436
0,001020f0fff2f2f2,True,2322497615,2500386580,177888965
0,000011f1f222ffff,True,2476290934,3367107161,890816227
0,0000111ffffff222,True,2393965560,2512932440,118966880
0,0000111ff222ffff,True,2476290934,3411642321,935351387
0,0000111f2fffff22,True,2510746134,2442651254,68094880
0,0000111f2f2ffff2,True,2597690714,2524595672,73095042
0,000f1101ff2f2f2f,True,2548960640,2787112288,238151648
0,0000210ffff2f22f,True,2281806063,2598529885,316723822
0,001002f0fff22ff2,True,2476290934,2686300844,210009910
0,0000120f2f2ffff2,True,2441463006,2516952917,75489911
0,00000f120fff3f2f,True,2348112366,2420598717,72486351
0,00000f21ffff03f2,True,2598188125,2346864375,251323750
0,00200013f1ff1fff,True,2212750408,3167350967,954600559
0,0001002ff2ff22ff,True,2597690714,3292056030,694365316
0,0001002ff0ff23ff,True,2476290934,3225757296,749466362
0,000f0021f2ff03ff,True,2212750408,3450379707,1237629299
0,000100f2f2ff03ff,True,2476290934,3350766219,874475285
0,0001002ff2ff03ff,True,2598188125,3299386753,701198628
0,000f00210ffff23f,True,2322497615,2353215017,30717402
0,000010f2f2ff22ff,True,2322497615,3288190717,965693102
0,000010f222fff2ff,True,2212750408,3320775574,1108025166
0,000f011122ff2fff,True,2352258003,3308456484,956198481
0,0001011f2fff22ff,True,2322497615,3097114456,774616841
0,0001011f0fff32ff,True,2212750408,3087582307,874831899
0,0000012ff2ff03ff,True,2441463006,3299831414,858368408
0,00220012ffff0f2f,True,2281806063,2705788518,423982455
0,0001002ff2f2f2ff,True,2212750408,2789489983,576739575
0,000f001203ffff2f,True,2441463006,2559574886,118111880
0,001200f1fffff122,True,2493608295,2644608052,150999757
0,0002002f1fffff22,True,2348112366,2477819539,129707173
0,000f102122ffff1f,True,2352258003,2545057789,192799786
0,00f01012f2ff2ff1,True,2597690714,2151405142,446285572
0,00f0101222ffff1f,True,2352258003,2647132628,294874625
0,001010f2f21ff2ff,True,2597690714,2848609602,250918888
0,0000202ff2ff1ff2,True,2510746134,2523709357,12963223
0,000f012122fffff1,True,2212750408,3046919035,834168627
0,0001012ff2ff2ff1,True,2548960640,2869238033,320277393
0,0001012f0f3ffff1,True,2322497615,2801081998,478584383
0,0001012ffff10f3f,True,2499785567,2587002538,87216971
0,0001111f2ffff12f,True,2348112366,2690740792,342628426
0,00f01111ffff12f2,True,2550642457,1986380922,564261535
0,00f01111f2ff1ff2,True,2212750408,2135642521,77107887
0,0000112f2ffff1f2,True,2548960640,2603563606,54602966
0,0001021ffff212ff,True,2253561626,2173745546,79816080
0,0000220ffff1ff22,True,2451487651,2833025998,381538347
0,000f0022fff22f1f,True,2232304499,2066208821,166095678
0,002000f2f2f1fff2,True,2598188125,3008830226,410642101
0,0000003ffff12ff2,True,2493608295,2449855232,43753063
0,000f2011f2fff21f,True,2352168884,2993681737,641512853
0,0001201ff2f1f2ff,True,2352168884,2786075366,433906482
0,001020f1f21ff2ff,True,2548960640,2916620521,367659881
0,00f02011f0fff31f,True,2352258003,2790429966,438171963
0,001020f1f01ff3ff,True,2476290934,2794500202,318209268
0,0002011fffff1f22,True,2212750408,2417138172,204387764
0,001001f2fff2f1f2,True,2661045772,2633651948,27393824
0,001001f2fff21ff2,True,2281806063,2635067770,353261707
0,0001111f2ffff21f,True,2352168884,2757355817,405186933
0,00f01111ffff221f,True,2582418339,2598130514,15712175
0,00f0111122fffff1,True,2352258003,3051164624,698906621
0,001011f1ffff221f,True,2374582873,2703401286,328818413
0,000011f22ffff2f1,True,2352168884,2085719888,266448996
0,0000211ff2f21fff,True,2322497615,2431886284,109388669
0,0001210ff22f1fff,True,2212750408,3148765229,936014821
0,001021f0f2ff1ff2,True,2322497615,2469639948,147142333
0,000102f12f1ff2ff,True,2212750408,2501584415,288834007
0,000102f1f21f2fff,True,2441463006,2713694704,272231698
0,0001021f0ff13fff,True,2441463006,2869333081,427870075
0,0000022ff2ff2ff1,True,2348112366,2710541451,362429085
0,0000022ff2f12fff,True,2476290934,2559484980,83194046
0,0000022f2fff2f1f,True,2597690714,2672900780,75210066
0,0000022f0f3ffff1,True,2322497615,2737015191,414517576
0,000f1201ff0fff31,True,2212750408,3359392200,1146641792
0,00f01210ffff21f2,True,2476290934,2184949727,291341207
0,0001012f2f1fff2f,True,2322497615,2760907885,438410270
0,001001f2fff12ff2,True,2550642457,2450913732,99728725
0,001001f2f2f2ff1f,True,2598188125,2674026850,75838725
0,000f2011f2ffff21,True,2510746134,2599366242,88620108
0,000f1111ff2f2ff1,True,2348112366,2131318401,216793965
0,000f11112fffff21,True,2548960640,2397800711,151159929
0,000f11112f2ffff1,True,2441463006,2675280633,233817627
0,0001111fff2ff2f1,True,2281806063,2537067296,255261233
0,0001111ffff1f22f,True,2661045772,2483156841,177888931
0,0001111ff2f1ff2f,True,2598188125,2521608807,76579318
0,0001111f2fffff21,True,2510746134,2364110016,146636118
0,001011f1f2f2ff1f,True,2598188125,2530045493,68142632
0,0000112f2ff2ff1f,True,2597690714,2341720774,255969940
0,0000211ff2ffff21,True,2550642457,2606289669,55647212
0,000f2101ff0ff13f,True,2597690714,2771643499,173952785
0,0001210ffff1f22f,True,2393965560,2510696961,116731401
0,0001210fff1ff22f,True,2510746134,2964403854,453657720
0,000102f1fffff212,True,2457039261,2508466814,51427553
0,000002f22f1fff2f,True,2212750408,2622446774,409696366
0,0000022ffff22f1f,True,2421972704,2124164328,297808376
0,0000022ff2ffff12,True,2352168884,2721044017,368875133
0,0000022f2fffff12,True,2510746134,2402069929,108676205
0,000012f1ff2ff1f2,True,2582418339,2499619070,82799269
0,0000121fffff1f30,True,2493608295,2529120907,35512612
0,0000121fff212fff,True,2476290934,2622074151,145783217
0,0000121f2fffff21,True,2550642457,2335199126,215443331
0,0001120fff2f2ff1,True,2352168884,2483247303,131078419
0,00f01210ffff2f12,True,2352258003,2099431110,252826893
0,00f012102fffff12,True,2352258003,2513018522,160760519
0,0000220fff0f1f3f,True,2352258003,2794066105,441808102
0,00001f12f2ff2f1f,True,2582418339,2515253722,67164617
0,00001f12ffff03f1,True,2195933849,2033799481,162134368
0,0002002fff12ff2f,True,2352258003,3286345547,934087544
0,00000f220fffff13,True,2597690714,2851549229,253858515
0,001001f21fff22ff,True,2352258003,2867027150,514769147
0,002000f2f2ff1ff2,True,2548960640,2206673828,342286812
0,002000f2f2f21fff,True,2322497615,2665114873,342617258
0,001020f1f0ff13ff,True,2352258003,3068850745,716592742
0,000020f2f2ff12ff,True,2550642457,3077548151,526905694
0,0000202ff2ff12ff,True,2550642457,3245491213,694848756
0,0000022f0ff31fff,True,2548960640,2781000604,232039964
0,0000022fffff01f3,True,2457039261,2368783964,88255297
0,0000022fffff013f,True,2388532612,2595950292,207417680
0,000f00222ffff21f,True,2550642457,2517436652,33205805
0,0002002f0ffff3f1,True,2598188125,2664995139,66807014
0,000000f303ffff1f,True,2476290934,2604353544,128062610
0,000000f3ffff031f,True,2441463006,2514491811,73028805
0,001001f2f2ff1ff2,True,2322497615,2009409638,313087977
0,001001f2f2f21fff,True,2212750408,2726662273,513911865
0,002200f1f12fff1f,True,2348112366,2985031009,636918643
0,0022001ffff21ff1,True,2348112366,2520230138,172117772
0,0001003fff2ff1f1,True,2374582873,2776160509,401577636
0,0001003fff1ff12f,True,2697676805,2895189762,197512957
0,0001003fff21f1ff,True,2661045772,2735281727,74235955
0,000010fff2fff222,True,2393965560,3147775238,753809678
0,000010fff22ff2f2,True,2582418339,2550010535,32407804
0,000010fff022f3ff,True,2476290934,2721605896,245314962
0,00f02012ffff121f,True,2597690714,2307724997,289965717
0,000001ff03f2ff2f,True,2281806063,2390323751,108517688
0,000f010ff20f2f3f,True,2476290934,3219328901,743037967
0,00f01112f2ff1ff1,True,2352258003,2251944655,100313348
0,001002f21fff2ff1,True,2597690714,2611874110,14183396
0,000012f2ffff112f,True,2582418339,2546753437,35664902
0,0000122ffff211ff,True,2322497615,2430914620,108417005
0,0000f01ff0f223ff,True,2441463006,2438279209,3183797
0,000f0221ffff0f22,True,2322497615,2711392637,388895022
0,000f0212ffff0f22,True,2281806063,2622708036,340901973
0,0001121fffff21f1,True,2451487651,2873293320,421805669
0,00000ff12fff22f2,True,2389538351,2264142892,125395459
0,00000ff103ff2ff2,True,2582418339,2215128084,367290255
0,00000ff1022f3fff,True,2352258003,2686824494,334566491
0,00000f1f02ff3f2f,True,2348112366,2720122801,372010435
0,00000ff12f2f03ff,True,2550642457,2393816614,156825843
0,00000f1f2f2f03ff,True,2550642457,2713969825,163327368
0,00001f0ff222ff2f,True,2598188125,2799735662,201547537
0,000021f2ffff22f0,True,2195933849,2457953466,262019617
0,000f0212ff2f1ff1,True,2548960640,2304915360,244045280
0,00f02012fffff211,True,2348112366,2596409289,248296923
0,0000f01f2f22f2ff,True,2582418339,2584033459,1615120
0,000ff001222fff2f,True,2598188125,2733671314,135483189
0,0010f0f02ff2f2f2,True,2322497615,2366510112,44012497
0,00f02111fff21f1f,True,2598188125,2094256188,503931937
0,000021f2ff2ff1f1,True,2492455557,2484236081,8219476
0,000021f2f2ffff11,True,2322497615,2541698246,219200631
0,001002f2ff1f2ff1,True,2322497615,2101210623,221286992
0,000f1211ffff1f21,True,2598188125,1909475789,688712336
0,000112f1ff1ff1f2,True,2322497615,2443210355,120712740
0,001022f0fff1f1f2,True,2597690714,2504656557,93034157
0,0000031fffff1f12,True,2492455557,2280290395,212165162
0,0000031ffff21f1f,True,2582418339,2161208539,421209800
0,00000ff12f22f2ff,True,2352168884,2376197584,24028700
0,00000ff1f2ff2f22,True,2598188125,2272631759,325556366
0,00000ff1f22f2ff2,True,2352258003,2200501377,151756626
0,00000f1fff2222ff,True,2550642457,2369233278,181409179
0,00000f1f2f222fff,True,2348112366,2670105158,321992792
0,00000f1f0f223fff,True,2444686207,2688340187,243653980
0,00000f1f03f2ff2f,True,2582418339,2530791388,51626951
0,00010f0f2f0ff23f,True,2598188125,2935262735,337074610
0,00010f0f220fff3f,True,2476290934,2797754265,321463331
0,00100ff0f2f22ff2,True,2352258003,2440873480,88615477
0,00001f22ffff12f1,True,2550642457,1914331209,636311248
0,00001f0fff2222ff,True,2451487651,2281193237,170294414
0,00001f0f2f2ff22f,True,2510746134,2829820744,319074610
0,000f0031ff1fff21,True,2348112366,3417131750,1069019384
0,000100ff023f2fff,True,2212750408,3039600210,826849802
0,000100ff2fff023f,True,2281806063,2860859526,579053463
0,000001ff2fff023f,True,2293063027,3001026075,707963048
0,002200f1f1ff1f2f,True,2697676805,2461725070,235951735
0,002200f1f0fff22f,True,2212750408,2866301139,653550731
0,0001003ff2ff0ff2,True,2597690714,2746508576,148817862
0,000f00f1222f2fff,True,2212750408,2924631849,711881441
0,000f00f1f0ff232f,True,2352258003,2628236477,275978474
0,000f00f1202ff3ff,True,2476290934,2806246963,329956029
0,000f001ff2ff03f2,True,2322497615,3034236197,711738582
0,000100ff2f2f03ff,True,2548960640,2739016659,190056019
0,001000fff2f222ff,True,2212750408,2508308027,295557619
0,001000ff20f2f3ff,True,2476290934,2666473555,190182621
0,001002f21fff21ff,True,2598188125,2782067641,183879516
0,002200f1f2ff1f1f,True,2492455557,2675684996,183229439
0,000001ff0fff32f2,True,2418343796,2602591132,184247336
0,000001ff023fff2f,True,2598188125,2873707643,275519518
0,000f010f222f2fff,True,2352258003,3341897829,989639826
0,000100ff2ff22ff2,True,2582418339,2563656823,18761516
0,000001f3f1ff2ff1,True,2212750408,2047053877,165696531
0,000102f20f2ff2ff,True,2476290934,2663718053,187427119
0,000f0221ffff022f,True,2441463006,2797382946,355919940
0,00000ff102f3f2ff,True,2597690714,2408280357,189410357
0,002f0022fff11ff1,True,2374582873,2961626744,587043871
0,0022002ff1f1fff1,True,2441463006,2872509612,431046606
0,000300f2fff1f1f1,True,2293063027,2643693166,350630139
0,002000f3fff11f1f,True,2348112366,2238036753,110075613
0,000f101fff2122ff,True,2389538351,2545704956,156166605
0,000f101f2f21f2ff,True,2582418339,2475108557,107309782
0,000110ffff1f222f,True,2457039261,2658595583,201556322
0,000110ff22f1ff2f,True,2510746134,2397221373,113524761
0,00f0101f22ffff12,True,2550642457,2721253580,170611123
0,00f0101f22f2ff1f,True,2548960640,2486638818,62321822
0,001010ff2f1ff2f2,True,2492455557,2268777939,223677618
0,000020fff2221fff,True,2421972704,2629352503,207379799
0,000f200ff20f1f3f,True,2550642457,3223425965,672783508
0,000ff011f12f22ff,True,2597690714,2762676870,164986156
0,000ff011212ff2ff,True,2212750408,2885176925,672426517
0,000ff01110fff32f,True,2212750408,2540384216,327633808
0,0010f0f1f0ff13f2,True,2322497615,2298069136,24428479
0,0010f0f110f2f3ff,True,2476290934,2722757373,246466439
0,0012012ffff10f2f,True,2661045772,2467506087,193539685
0,000f01f1f2fff212,True,2389538351,2521002200,131463849
0,000f011ffff1222f,True,2597690714,2364993324,232697390
0,000f011f2ff12f2f,True,2697676805,2338961002,358715803
0,000101fff2f12ff2,True,2293063027,2079919690,213143337
0,000101ff03ffff21,True,2493608295,2670730162,177121867
0,000101ff03f2ff1f,True,2492455557,2277265547,215190010
0,000101ff03f1ff2f,True,2281806063,2329031159,47225096
0,000f01f1ff2f03f1,True,2162801140,2263921161,101120021
0,000101fffff2031f,True,2533798745,2136568117,397230628
0,00f001f1f2f22f1f,True,2212750408,2209854048,2896360
0,00f0011ff2f12ff2,True,2476290934,2357749636,118541298
0,001001fff21f2ff2,True,2352258003,2200968925,151289078
0,000f110fff2f122f,True,2293063027,3195371195,902308168
0,000f110fff0f213f,True,2281806063,3195975334,914169271
0,0001212ffff102ff,True,2476290934,2311264779,165026155
0,000002fffff2212f,True,2162084866,2116320251,45764615
0,000f020f1f2f2f2f,True,2352258003,3271681067,919423064
0,00000f2301fffff2,True,2212750408,2820196727,607446319
0,00010ff121fff2f2,True,2598188125,1854859711,743328414
0,00010f1f1f2f22ff,True,2352168884,2660511793,308342909
0,00010f1f0fff312f,True,2087295954,2639790904,552494950
0,00010f1f01ff3f2f,True,2322497615,2672600284,350102669
0,00010f1ff12f03ff,True,2476290934,2999437503,523146569
0,00010f1f1f2f0f3f,True,2348112366,2776952765,428840399
0,00000ff22f2f21ff,True,2444686207,2420604329,24081878
0,00000f2f1ff222ff,True,2697676805,2286850390,410826415
0,00000ff21f2f03ff,True,2212750408,2383176108,170425700
0,00002f0ff20fff31,True,2582418339,2602100574,19682235
0,000f00f2ff2f2f21,True,2493608295,2393672963,99935332
0,000020fff2f1f22f,True,2457039261,2483587307,26548046
0,000020fff21ff22f,True,2374582873,3015026058,640443185
0,000020fff0fff312,True,2582418339,3245134691,662716352
0,000f200ff221f2ff,True,2697676805,2784944510,87267705
0,001201f2f1f1ff1f,True,2212750408,2432229797,219479389
0,001001f3ff1f1ff1,True,2476290934,2128455906,347835028
0,001001f31ff1ff1f,True,2441463006,2529962499,88499493
0,000011ffff1f222f,True,2293063027,2677338693,384275666
0,000011fff22f2ff1,True,2352168884,2361667564,9498680
0,000f110fff1f222f,True,2661045772,3184921117,523875345
0,000f110f22f1ff2f,True,2441463006,2623682005,182218999
0,00f011f0221ffff2,True,2476290934,2693439953,217149019
0,0001f10f122f2fff,True,2352258003,3070233007,717975004
0,0010f1f0f2f2ff12,True,2597690714,2633213972,35523258
0,0010f1f02ff2ff12,True,2510746134,2344418600,166327534
0,001202f1fff10ff2,True,2444686207,2919547853,474861646
0,001202f1fff10f2f,True,2661045772,2577018275,84027497
0,000002fff2f22f1f,True,2374582873,2074386701,300196172
0,000002ff2f1f2ff2,True,2597690714,2283312584,314378130
0,000002fffff103f2,True,2698315690,2209739492,488576198
0,000f020f2ff12f2f,True,2550642457,2493240234,57402223
0,000022f2ffff111f,True,2441463006,2552029496,110566490
0,00120f12f1ff1f1f,True,2548960640,2587442002,38481362
0,00120f12f1f11fff,True,2476290934,2596748161,120457227
0,00010f1f0fff32f1,True,2699823493,2607950556,91872937
0,00010f1f02ff3f1f,True,2352168884,2772978182,420809298
0,00010f1f2fff0f31,True,2193132484,2329143505,136011021
0,00000f2f03fff2f1,True,2393965560,2619421820,225456260
0,00000f2f02ff3ff1,True,2510746134,2501449112,9297022
0,00001ff1f12f03ff,True,2476290934,2612368736,136077802
0,00001f1f0f231fff,True,2510746134,2597288313,86542179
0,00001f1fff212ff2,True,2698315690,1951518592,746797098
0,00011f0f2f01ff3f,True,2352168884,2620450062,268281178
0,00002f0fff221f2f,True,2087295954,2173397134,86101180
0,000101ffff2f2f21,True,2521519302,2225096480,296422822
0,000f1212ffff0f12,True,2441463006,2345992497,95470509
0,00001ff1023ffff1,True,2352258003,2557573935,205315932
0,00001ff1f1ff3f20,True,2281806063,2114310214,167495849
0,00001ff1f12f3ff0,True,2441463006,2398359439,43103567
0,00001f1ff1fff320,True,2232304499,2900502818,668198319
0,000ff011ffff2221,True,2661045772,2441978623,219067149
0,000ff011f22f2ff1,True,2352168884,2454591667,102422783
0,0001f01f2ffff221,True,2451487651,2358030842,93456809
0,0000f02ff2f2f21f,True,2451487651,2784506802,333019151
0,0000f02f2ff2f21f,True,2582418339,2272310478,310107861
0,0000f02ff0fff312,True,2548960640,2817388662,268428022
0,1001f00f122fff2f,True,2598188125,2966375869,368187744
0,100ff001f10ff23f,True,2597690714,3047906801,450216087
0,0001212ffff1f11f,True,2598188125,2360533221,237654904
0,0001f10f2f2ff12f,True,2510746134,2796911069,286164935
0,000ff101ff1f222f,True,2510746134,2657631891,146885757
0,0001f10fff2f22f1,True,2195933849,2632338789,436404940
0,0010f1f012f2fff2,True,2352258003,2660203616,307945613
0,0010f1f02f1ff2f2,True,2548960640,2231923082,317037558
0,000002ffff1f2f22,True,2462275229,2359200663,103074566
0,000f020fff0f2f31,True,2212750408,2708683346,495932938
0,001012f2ff1ff1f1,True,2212750408,2384886894,172136486
0,0001221ffff11f1f,True,2352258003,2190756825,161501178
0,00010f1ff2122fff,True,2598188125,2612714611,14526486
0,00010f1f2fff2f21,True,2618222579,2268289248,349933331
0,00010ff1fff2031f,True,2661045772,2666056883,5011111
0,00100ff12f1ff2f2,True,2492455557,1924783034,567672523
0,00100ff12f1f2ff2,True,2451487651,2188186196,263301455
0,00100ff1221ffff2,True,2548960640,2346187898,202772742
0,00000ff22f2ff2f1,True,2374582873,2096994197,277588676
0,00000f2ffff103f2,True,2661045772,2359300102,301745670
0,00000f2ffff2031f,True,2393965560,2449965528,55999968
0,00001f1f2f2ff1f2,True,2195933849,2336632797,140698948
0,00001f1ff2221fff,True,2162801140,2734960576,572159436
0,00011f0ff10f2f3f,True,2476290934,2799421427,323130493
0,00101ff021f2fff2,True,2352258003,2601603104,249345101
0,00f01f102ffff212,True,2212750408,2248664997,35914589
0,00101ff0fff122f2,True,2492455557,2260210771,232244786
0,00000f230fffff12,True,2582418339,2909670204,327251865
0,00000f2f0f1fff23,True,2493608295,2766890959,273282664
0,000200ff12ff03ff,True,2476290934,3428551643,952260709
0,000f002f1fff023f,True,2597690714,2853342291,255651577
0,000200fff2ff013f,True,2598188125,3015175466,416987341
0,0002003f0ffff1f2,True,2697676805,2348299364,349377441
0,000f00f212ff2f2f,True,2598188125,2468122177,130065948
0,002f0022fff102ff,True,2492455557,2690312951,197857394
0,000f00320f1ff2ff,True,2476290934,2809795557,333504623
0,0002003f02f1ffff,True,2441463006,2995539548,554076542
0,0003002ffff102ff,True,2492455557,2542909632,50454075
0,0003002fff1f02ff,True,2550642457,2765067255,214424798
0,002000f3f1f11fff,True,2212750408,2532801113,320050705
0,001f00f1f21f22ff,True,2597690714,2705537324,107846610
0,001f00f122fff2f1,True,2550642457,2134145122,416497335
0,00f1001ff2f122ff,True,2441463006,2448443332,6980326
0,001100ff22f1f2ff,True,2348112366,2651340166,303227800
0,001f00f1f01f23ff,True,2476290934,2613537128,137246194
0,000200fff2f103ff,True,2212750408,2338862332,126111924
0,000f002ff2ff0f31,True,2421972704,2677131251,255158547
0,000110ff212ff2ff,True,2598188125,3054302727,456114602
0,000110fff02f13ff,True,2441463006,2992027881,550564875
0,00f0101ff2ff12f2,True,2492455557,2803094336,310638779
0,001010ff21fff2f2,True,2322497615,2745385378,422887763
0,00f0101ff0f213ff,True,2212750408,2700267163,487516755
0,000f01f121f2f2ff,True,2212750408,2436493632,223743224
0,000101ff21fff2f2,True,2322497615,2819886631,497389016
0,000101ff1fff03f2,True,2348112366,2629285686,281173320
0,000f10f122fff21f,True,2348112366,2564521175,216408809
0,000110fff2ff221f,True,2421972704,3112158141,690185437
0,000f10f120fff31f,True,2352258003,2566138232,213880229
0,00f010f1f2ff22f1,True,2293063027,2081073885,211989142
0,00f010f1f2ff221f,True,2374582873,2808094763,433511890
0,001201f21ff1f1ff,True,2441463006,2518406088,76943082
0,000301f1f1ff1ff1,True,2348112366,2108662363,239450003
0,000f011f2fff22f1,True,2661045772,2853396392,192350620
0,000101ff03ff2ff1,True,2444686207,2720674094,275987887
0,000f01f1f21f03ff,True,2348112366,2872336931,524224565
0,000f01f10f3ff2f1,True,2476290934,2288854808,187436126
0,001001ff221f2fff,True,2352258003,2820427251,468169248
0,000002ff0ff31f2f,True,2462275229,2270013757,192261472
0,00010ff112ff03ff,True,2212750408,2864819696,652069288
0,0022002ffff10ff2,True,2444686207,2862336268,417650061
0,0002003f0fffff12,True,2451487651,2681568416,230080765
0,0003002fff1f0ff2,True,2582418339,3058911265,476492926
0,000f00f22ff2f21f,True,2697676805,2183999885,513676920
0,000101fff1f22ff2,True,2598188125,2066410263,531777862
0,000101ff212fff2f,True,2352258003,2798249950,445991947
0,000f2121ffff01f2,True,2352258003,2029816164,322441839
0,001202f1ff1f02ff,True,2550642457,2488040640,62601817
0,000002ff0f3ff2f1,True,2457039261,2427598086,29441175
0,00001f1ff310fff2,True,2739643600,2720271998,19371602
0,001200ffff22f1f1,True,2374582873,2715962021,341379148
0,001200ff1f1fff22,True,2476290934,2304002341,172288593
0,00ff1011ffff2211,True,2352168884,2752519494,400350610
0,00ff1011f2ff2f11,True,2548960640,2696205496,147244856
0,001110fff2ff2f11,True,2493608295,2906090233,412481938
0,000f102ff2fff211,True,2281806063,3057180587,775374524
0,000f102f22f1ff1f,True,2441463006,2601270885,159807879
0,000120fff1fff221,True,2281806063,3070000373,788194310
0,001020fff2ff1f12,True,2388532612,2751528210,362995598
0,000ff02121fff2f1,True,2352258003,2352596220,338217
0,0001f02f12fff2f1,True,2352168884,2987155012,634986128
0,00f0f01212fff2f1,True,2597690714,2431995312,165695402
0,00f0f01212ff2f1f,True,2441463006,2650741844,209278838
0,0010f0f2f1ff22f1,True,2348112366,2256427698,91684668
0,0003012ffff10ff1,True,2352168884,3059445397,707276513
0,001f01f12ffff211,True,2393965560,2193931675,200033885
0,001101ff2ff12f1f,True,2550642457,2297884663,252757794
0,001101ff221ffff1,True,2352258003,2505394829,153136826
0,001101ff2211ffff,True,2476290934,3261250964,784960030
0,000f01f2ff1f03f1,True,2389538351,2184298907,205239444
0,00f001f2f2ff2f11,True,2548960640,2063386866,485573774
0,000f111ffff1212f,True,2510746134,2245930190,264815944
0,000111ff2ff1f12f,True,2510746134,2170268846,340477288
0,000111ffffff1221,True,2499785567,2747170566,247384999
0,000111fffff1122f,True,2195933849,2273347177,77413328
0,000111ffff1f122f,True,2281806063,2575317937,293511874
0,000021fffff2112f,True,2250602066,2221752683,28849383
0,0010f1f11fff21f2,True,2451487651,2065917123,385570528
0,100ff101ff1ff221,True,2348112366,2975802562,627690196
0,12fff12f1011f00f,True,2476290934,3160807986,684517052
0,000f02f1f2121fff,True,2510746134,2684533724,173787590
0,000f021ff2f11ff2,True,2492455557,2523449925,30994368
0,000102ffff1f12f2,True,2739643600,2089959375,649684225
0,000102ffff1212ff,True,2087295954,2112634098,25338144
0,001002ff1fff2f12,True,2597690714,2614623124,16932410
0,000f120fff2f112f,True,2510746134,3201160056,690413922
0,000f0f2121fff2f1,True,2441463006,2058601824,382861182
0,000f0f1212ff2ff1,True,2212750408,2487362904,274612496
0,00010ff221fff21f,True,2212750408,2536503863,323753455
0,00010ff2121ff2ff,True,2352258003,2590897364,238639361
0,00020f1f12fff2f1,True,2441463006,2754892774,313429768
0,00020f1f12f1f2ff,True,2476290934,2549467176,73176242
0,00010f2f2fff21f1,True,2421972704,2498266762,76294058
0,00010f2ff1ff22f1,True,2322497615,2584817293,262319678
0,00010f2f1fff221f,True,2474160023,2616727954,142567931
0,00010f2f21f1f2ff,True,2352258003,2275576567,76681436
0,000f0f21f1ff031f,True,2476290934,2506386950,30096016
0,00010ff21fff031f,True,2548960640,2374532924,174427716
0,00010f2ff1f103ff,True,2476290934,2470375342,5915592
0,00100ff21f1f22ff,True,2582418339,2294112830,288305509
0,00001ff2f2ff02f2,True,2499785567,2020109556,479676011
0,001020fff0f1f31f,True,2598188125,2489255113,108933012
0,1001f01ff2ff121f,True,2492455557,3152172491,659716934
0,000201ffff221ff1,True,2232304499,2387778914,155474415
0,000111ff2f11f2ff,True,2598188125,2505451607,92736518
0,000111fff2112fff,True,2476290934,2769617584,293326650
0,000111ff22ffff11,True,2441463006,2796665895,355202889
0,00f011f12f1ff2f1,True,2598188125,1966564898,631623227
0,001011ff22f1ff1f,True,2212750408,2521519534,308769126
0,000021fff21f1f2f,True,2441463006,2807392409,365929403
0,000f210ff21f1f2f,True,2352258003,3249739588,897481585
0,00f021f0ffff1212,True,2441463006,2400865662,40597344
0,0000f12f12ff2f1f,True,2441463006,2855609247,414146241
0,002202f1fff10ff1,True,2352168884,2907119512,554950628
0,000302f1fff10f1f,True,2348112366,2563459487,215347121
0,000f02f12fff2f11,True,2281806063,2351632685,69826622
0,000012fffff1212f,True,2143304330,2070033056,73271274
0,000012ff2ffff121,True,2444686207,2922293921,477607714
0,0001f20fff0ff131,True,2598188125,3148380695,550192570
0,00010f2f02f2ff2f,True,2322497615,2563540713,241043098
0,000f0f212fff0f22,True,2550642457,2438773606,111868851
0,00101ff121fff2f1,True,2322497615,2159255899,163241716
0,00001ff2211ff2ff,True,2476290934,2539029434,62738500
0,00001f2ffff12f12,True,2457039261,1864621212,592418049
0,00001f2f2ff1ff12,True,2550642457,2202942040,347700417
0,010f1f01ff2ff121,True,2451487651,3244741299,793253648
0,010f1f01ff0f1f31,True,2348112366,2019653422,328458944
0,01011f0fff0ff131,True,2451487651,3180425113,728937462
0,00002f1ff1ff122f,True,2374582873,2952418753,577835880
0,00002f1ff3101fff,True,2462275229,2833397340,371122111
0,00012f0ff12f12ff,True,2597690714,3003567596,405876882
0,000f2f01ff0f1f31,True,2281806063,2092649504,189156559
0,00102ff0ff12f1f2,True,2374582873,2520704385,146121512
0,00102ff0f112fff2,True,2352258003,2741702317,389444314
0,0010f0f2f2f11ff2,True,2582418339,2299451527,282966812
0,0010f0f2f2f21f1f,True,2697676805,2525876199,171800606
0,001f01f12f1fff21,True,2550642457,2234545482,316096975
0,000f012ffff12f12,True,2087295954,2372331610,285035656
0,000f0f211fff2f21,True,2661045772,2022075433,638970339
0,00010f2f1f21f2ff,True,2281806063,2403167263,121361200
0,00010f2f12ffff21,True,2348112366,2207856438,140255928
0,00010f2fff1f2f21,True,2293063027,2439968564,146905537
0,00001f2fffff0222,True,2193132484,2439987764,246855280
0,00002f1f0f311fff,True,2352258003,2719641374,367383371
0,00002f1ff1f10f3f,True,2548960640,2165538560,383422080
0,000ff021f2fff211,True,2348112366,2891882434,543770068
0,0001f02f2ffff211,True,2597690714,2390751350,206939364
0,0010f0f22f1ff2f1,True,2322497615,2232271586,90226029
0,1001f01ff1f1f22f,True,2348112366,2860796049,512683683
0,1001f01f1f2ff2f1,True,2697676805,2345355789,352321016
0,1001f01ff2f11f2f,True,2281806063,2366661585,84855522
0,000f11f1f21fff21,True,2212750408,2650326816,437576408
0,000111ffff11f22f,True,2697676805,2333683820,363992985
0,000111ff2f1fff21,True,2348112366,2247195539,100916827
0,000021fff3101fff,True,2492455557,2891948198,399492641
0,0001f1f1fff2121f,True,2582418339,2315046947,267371392
0,0001f11ffff1122f,True,2550642457,2376685256,173957201
0,0001f11f22f1ff1f,True,2476290934,2594257510,117966576
0,0010f1f1ffff2112,True,2281806063,2393336202,111530139
0,0010f1f1ffff2211,True,2451487651,2475325601,23837950
0,0000f12f1ff22f1f,True,2582418339,1989811297,592607042
0,000012fffff1f122,True,2253561626,2302616799,49055173
0,000f120fff0f1f31,True,2441463006,2722921450,281458444
0,0001f20f1f2ff12f,True,2348112366,2830288409,482176043
0,00f0f210ffff2112,True,2476290934,2534353275,58062341
0,00010f2ff2ff2f11,True,2451487651,2573743237,122255586
0,000f0f211f2fff21,True,2352168884,2461795281,109626397
0,00100ff2ffff2211,True,2451487651,2589602271,138114620
0,00100ff2ff1f22f1,True,2550642457,2520352517,30289940
0,00011f1fff2f21f1,True,2457039261,2292161937,164877324
0,00011f1ffff1212f,True,2418343796,1880570837,537772959
0,00011f1fff2f12f1,True,2388532612,2228384722,160147890
0,00011f1fff2112ff,True,2499785567,2076907691,422877876
0,00011f1ff12ff2f1,True,2598188125,2510281589,87906536
0,00011f1ff2211fff,True,2393965560,2788599957,394634397
0,00f01f11ffff1212,True,2697676805,1986010056,711666749
0,00f01f11f1fff212,True,2548960640,2393159615,155801025
0,00101ff1f21f1ff2,True,2281806063,2263349720,18456343
0,00001f2ffff2211f,True,2253561626,2016278318,237283308
0,00001f2f21f1fff2,True,2352258003,2079474362,272783641
0,00001f2ffff1221f,True,2388532612,1950082532,438450080
0,00001ff2f2f02f2f,True,2195933849,2280201974,84268125
0,010f1f01ff0f113f,True,2548960640,2397067869,151892771
0,00002f1fff2211ff,True,2618222579,2441252785,176969794
0,00012f0fff2112ff,True,2388532612,2076581398,311951214
0,00012f0ff11ff22f,True,2441463006,2878125019,436662013
0,00012f0ff22f1ff1,True,2661045772,2340452726,320593046
0,00012f0ff2211fff,True,2492455557,2648584318,156128761
0,00f02f10f2ff1f12,True,2212750408,2253712161,40961753
0,00102ff0f1f2f21f,True,2597690714,2223796009,373894705
0,00102ff0f2f11ff2,True,2697676805,2260289533,437387272
0,00030f12fff10f1f,True,2348112366,2786256929,438144563
0,000201ff02f2f2ff,True,2441463006,2343056619,98406387
0,000f012f2fff022f,True,2661045772,2916258521,255212749
0,00ff1011f0ff131f,True,2476290934,2923641064,447350130
0,00f020f1f1f212ff,True,2548960640,2350163667,198796973
0,000301f2f1f10fff,True,2476290934,2730494491,254203557
0,0003012ff1ff0f1f,True,2212750408,2890010788,677260380
0,001f01f1f2ff12f1,True,2582418339,2015952063,566466276
0,001f01f121fff21f,True,2352258003,2560144225,207886222
0,001101ff1fff22f1,True,2548960640,2789721608,240760968
0,000f01f2f21f12ff,True,2281806063,2788022509,506216446
0,000201ff12ff2f1f,True,2212750408,2950886158,738135750
0,000201ff1ff103ff,True,2322497615,2581297699,258800084
0,001020fff2ff12f1,True,2232304499,2865078833,632774334
0,00f020f1f0ff13f1,True,2441463006,2085402735,356060271
0,00f0201ff0ff13f1,True,2441463006,2725719740,284256734
0,000302f1ff1f01ff,True,2598188125,2579630578,18557547
0,000302f1f1ff0f1f,True,2212750408,2634599675,421849267
0,000102fff2f112ff,True,2389538351,2373591803,15946548
0,000f02f1f1ff0f31,True,2348112366,2356004602,7892236
0,000f021ff1ff0f31,True,2348112366,2782055665,433943299
0,000102fff1f10f3f,True,2597690714,2339499979,258190735
0,000f01f2f1f2f21f,True,2322497615,2535285212,212787597
0,000f01f221ffff12,True,2598188125,2318924857,279263268
0,000f012fff1f212f,True,2444686207,3196793949,752107742
0,00f001f2f2f1f1f2,True,2598188125,2412648867,185539258
0,000021ffff1f01f3,True,2421972704,2481862478,59889774
0,000021fffff1013f,True,2588213707,2323574851,264638856
0,000f02f12fff0f22,True,2510746134,2355749902,154996232
0,000102fffff202f2,True,2145696085,2145696079,6
0,00002f1f0ff302ff,True,2441463006,2379605496,61857510
0,0000f0ff12222fff,True,2348112366,2792078524,443966158
0,0000f0fff0f2132f,True,2697676805,2636586516,61090289
0,100ff02112fff11f,True,2441463006,2483220935,41757929
0,001f11f1ff1f12f1,True,2212750408,1911243607,301506801
0,000121ffff2111ff,True,2492455557,2275043610,217411947
0,000121ffff1202ff,True,2348112366,2192897499,155214867
0,00f1021ffff1211f,True,2441463006,2188867223,252595783
0,000f022fffff2111,True,2281806063,2680202742,398396679
0,000f12f1ff2f02f1,True,2548960640,2137485693,411474947
0,000112ffffff0212,True,2493608295,2762710212,269101917
0,001f0f21f1ff0f22,True,2476290934,2579318292,103027358
0,000f0f220f2ff12f,True,2352258003,2703852616,351594613
0,000f0f22ffff0122,True,2441463006,2478822817,37359811
0,00000fff0fff3122,True,2020851529,3030868160,1010016631
0,00101ff2f11f12ff,True,2476290934,2522694874,46403940
0,0000f0fff2f1222f,True,2474160023,2586191469,112031446
0,0000f0ff22f1f2f2,True,2195933849,2285111260,89177411
0,0000f0ff221ff2f2,True,2661045772,2485940668,175105104
0,0000f0ff2221f2ff,True,2393965560,2833447468,439481908
0,0000f0ff201ff32f,True,2352258003,3076104171,723846168
0,00f0f0f0f0ff2312,True,2352258003,2913675338,561417335
0,001201fffff11f12,True,2348112366,1973186956,374925410
0,000f211ff2ff1f11,True,2352258003,3016836815,664578812
0,000f022ffff10f22,True,2597690714,2660972071,63281357
0,0010f2f11fff21f1,True,2597690714,1872463250,725227464
0,000003ffff1f02f2,True,2212750408,2257319142,44568734
0,00120ff11f1ff1f2,True,2510746134,1970111729,540634405
0,00120ff11f1ff12f,True,2550642457,2261005934,289636523
0,00120ff1f1f21f1f,True,2212750408,2195028482,17721926
0,00020f2ffff111f2,True,2281806063,2158679219,123126844
0,000f0f222fff0f12,True,2476290934,2202123223,274167711
0,00000fff2f2122ff,True,2666472607,2298579841,367892766
0,00000fff2f1222ff,True,2474160023,2239903712,234256311
0,00000fff22f12ff2,True,2388532612,2336833397,51699215
0,00000fff0f2132ff,True,2588213707,2394358746,193854961
0,00000ffff2120f3f,True,2348112366,2595387611,247275245
0,000f0f0f2ff1222f,True,2389538351,2690692752,301154401
0,000f2f11f1ff12f1,True,2212750408,2097513470,115236938
0,0001f2f11ff20f2f,True,2598188125,2210814014,387374111
0,00120ff1ff1f12f1,True,2348112366,2359229602,11117236
0,000f1f212fff0f12,True,2212750408,2053817462,158932946
0,000f1f12ffff0212,True,2597690714,2059468677,538222037
0,00021f1fff2102ff,True,2597690714,2294570785,303119929
0,00021f1f2ff10f2f,True,2212750408,2166366522,46383886
0,00f0211ffff11f12,True,2598188125,2250729313,347458812
0,0001f1f2f21f1ff1,True,2476290934,2343313143,132977791
0,00f0f11212ffff11,True,2476290934,2589128650,112837716
0,0010f1f22ffff111,True,2352258003,2033740240,318517763
0,0010f1f21f1ff2f1,True,2598188125,2204869904,393318221
0,100ff1111ffff121,True,2212750408,2103296766,109453642
0,100ff111f2ff1f11,True,2476290934,2359638353,116652581
0,000ff211ff2f11f1,True,2476290934,2230162421,246128513
0,0001f21f1ffff121,True,2550642457,2252234521,298407936
0,0010f2f11ffff112,True,2348112366,1941701778,406410588
0,000f0f0f2f212f2f,True,2444686207,2710833223,266147016
0,000f0f0fff0f2231,True,2548960640,2919980743,371020103
0,01011f1ffff1112f,True,2348112366,2007052008,341060358
0,01f01f11f1ff2f11,True,2352258003,1896501095,455756908
0,00f02f11f1f21f1f,True,2476290934,2173445205,302845729
0,00102ff1f2ff1f11,True,2550642457,2062069106,488573351
0,00002f2fffff1112,True,2232304499,2294444120,62139621
0,010f2f01ff2f11f1,True,2548960640,2020216217,528744423
0,01012f0ffff1112f,True,2281806063,2155861131,125944932
0,11f1ff2f1201f00f,True,2352258003,2420511713,68253710
0,000f00ff12ff023f,True,2441463006,3374809335,933346329
0,000f003ff1f112ff,True,2476290934,2564239303,87948369
0,000f00ff22ff22f1,True,2493608295,3285052189,791443894
0,000f00fff2ff0231,True,2492455557,3177382685,684927128
0,000f003f0ff2f12f,True,2212750408,2381651412,168901004
0,000f003ff1ff0f22,True,2212750408,2995113534,782363126
0,000202ff1fff02f2,True,2322497615,2511340334,188842719
0,00000fff02f321ff,True,2232304499,2502990991,270686492
0,002200fff1f21f1f,True,2697676805,2058226870,639449935
0,000f00fff22122ff,True,2550642457,2726179139,175536682
0,000f00ff22212fff,True,2281806063,2770521469,488715406
0,000f00ff2f2f0f31,True,2308865369,2727611316,418745947
0,00f000fff2ff2212,True,2352168884,3103741439,751572555
0,001120fff1ff121f,True,2322497615,3129048779,806551164
0,000f02f2f1ff12f1,True,2598188125,2061901675,536286450
0,00020f2f0fff212f,True,2418343796,2598218418,179874622
0,00000f3f01fff2f2,True,2476290934,2363139728,113151206
0,00000fff212f22ff,True,2441463006,2929189403,487726397
0,00000fff212f03ff,True,2212750408,2981645830,768895422
0,00000fff0f2312ff,True,2698315690,2452751717,245563973
0,00000fff21ff0f23,True,2281806063,2903140297,621334234
0,002f01f1ff1f12f1,True,2598188125,2026384944,571803181
0,001f02f1f12f1ff1,True,2476290934,2303399266,172891668
0,000f022f2ff10f2f,True,2476290934,2315772411,160518523
0,000112ffffff0122,True,2293063027,2928794453,635731426
0,00000ffff21f023f,True,2550642457,2890287426,339644969
0,00000fff2fff0231,True,2082921603,2999271074,916349471
1,002111fffff1211f,True,2108596001,2108595995,6
1,00f0f122121ff1ff,True,2847495789,2847495783,6
1,001f02f2ff1f12f1,True,1702653159,1702653153,6
1,002102ff2ff1f11f,True,2195645415,2195645409,6
1,00f112f10fff2f21,True,1872734618,1872734613,5
1,00010fff0ff2f132,True,2643426385,2643426379,6
1,0010fff0ff1113f2,True,2615833142,2615833136,6
1,0031ffff1f1200f1,True,2258506640,2258506634,6
1,0022f0f1112fff1f,True,2607269736,2607269731,5
1,0001f0fff3ff1121,True,3136913732,3136913727,5
1,000f01fff121ff31,True,2691870201,2691870195,6
1,000122ff11f2fff1,True,2439609910,2439609904,6
1,0001f22f21ff1ff1,True,2569866426,2569866420,6
1,000f031f11f2ff1f,True,2703204069,2703204063,6
1,000103fff1f21ff1,True,1883489554,1883489548,6
1,00030f1f022ffff1,True,2666918011,2666918005,6
1,000f0f1f31f11f2f,True,2403083959,2403083952,7
1,000f0f1f02fff312,True,2759174963,2759174957,6
1,000f0f1f02f1f32f,True,2484207541,2484207536,5
1,00100fff3ff211f1,True,2237333769,2237333763,6
1,00f00ff1f1231f1f,True,2335967882,2335967876,6
1,00001ffff2ff1222,True,3016230054,3016230048,6
1,00012f2ff2f111ff,True,2303486797,2303486791,6
1,100ff00f11fff321,True,2951290566,2951290560,6
1,0012f1f11f1ff1f2,True,2168636467,2168636461,6
1,0000f1ff0ff123f2,True,2092946128,2092946121,7
1,0201f11f2fff111f,True,2587376461,2587376455,6
1,00010ff3f2f11f1f,True,2028195788,2028195782,6
1,000f0ff11f1f23f1,True,2284411850,2284411844,6
1,00211ff102ffff21,True,2263796270,2263796264,6
1,00121f1f02f2fff1,True,2439093184,2439093178,6
1,00211ff1f2f10ff2,True,2246267370,2246267364,6
1,00021f2ffff1022f,True,1906933472,1906933467,5
1,00001fff03f12f2f,True,2484379064,2484379058,6
1,00001fff2f12f3f0,True,2163432554,2163432548,6
1,00022ff10ff21ff2,True,2470227695,2470227689,6
1,010f2f11f2ff11f1,True,1918667291,1918667286,5
1,010f2f11f2ff111f,True,2273519377,2273519370,7
1,0020ff121ff1f21f,True,2160948414,2160948407,7
1,0020ff1212ffff11,True,2231916365,2231916359,6
1,0001ff0fff02123f,True,3188112528,3188112524,4
1,02f2fff10021f1f1,True,2258262199,2258262193,6
1,000ff0f1f22f2f21,True,2401377469,2401377463,6
1,0001f0fff2f22f21,True,2133529948,2133529942,6
1,10f2f01112ffff11,True,2395333717,2395333711,6
1,1021f01ff2f1f11f,True,2937946631,2937946626,5
1,1002f02ff2fff111,True,2805784664,2805784659,5
1,1002f02ff21f1ff1,True,2486958497,2486958491,6
1,100ff00ff211f13f,True,3013304746,3013304740,6
1,000f212fff121ff1,True,2520918021,2520918015,6
1,0021f1f1121ffff1,True,2497249170,2497249163,7
1,0021f11ffff1211f,True,2188996603,2188996597,6
1,0030f1f0ffff2111,True,2169220108,2169220102,6
1,0000f1fff1f0f330,True,2821688343,2821688338,5
1,00f1121ffff1f112,True,2303271097,2303271091,6
1,000212ffff1ff121,True,2559712072,2559712066,6
1,00f0f2121ffff112,True,2043100086,2043100081,5
1,00211ff1ff1f21f1,True,1890226833,1890226826,7
1,00211ff121f1ff1f,True,2076894914,2076894908,6
1,00001fff1f2f3f20,True,2729410306,2729410300,6
1,00012ff2f12f1ff1,True,2029467135,2029467129,6
1,00022f1ff1211fff,True,2521634852,2521634845,7
1,000f2f21ffff0212,True,1836234230,1836234224,6
1,00022ff10f12fff2,True,2477989469,2477989463,6
1,0002ff210fff031f,True,2366412983,2366412977,6
1,000fff01123ff11f,True,2572576278,2572576273,5
1,0001ff0ff22f22f1,True,2460881431,2460881425,6
1,0010fff0f1ff1213,True,2467711425,2467711418,7
1,0010fff0f2f222f1,True,2315533814,2315533808,6
1,0010fff022f2f21f,True,2115487206,2115487200,6
1,0022f01ffff11f12,True,2603144416,2603144410,6
1,0000f1ff3210f2ff,True,3161547149,3161547144,5
1,000f221f1ff2ff11,True,2705496402,2705496396,6
1,0002f2f1f21f1ff1,True,2170208282,2170208276,6
1,0002f2f1f2f11f1f,True,2407789288,2407789281,7
1,000ff2122ffff111,True,2045016273,2045016268,5
1,0010f2f21ff1f21f,True,1790654514,1790654509,5
1,00210f2fff211ff1,True,2273253526,2273253520,6
1,000f0f311ff1ff21,True,2655055231,2655055225,6
1,00010ff3fff11f12,True,2497493530,2497493524,6
1,00010fff3f2f1f11,True,2278975926,2278975920,6
1,00010fff13f1ff12,True,2065476760,2065476753,7
1,00100ffff3f21f11,True,2155129227,2155129221,6
1,00001fff0312ff2f,True,2393368470,2393368464,6
1,01011f2fffff2111,True,2249980730,2249980724,6
1,01201f1fffff2111,True,2250941684,2250941678,6
1,000f2f2121ffff11,True,2387104557,2387104552,5
1,000f2f12f2fff111,True,2321465521,2321465515,6
1,0002ff21f1ff0f22,True,2436103450,2436103444,6
1,000fff01222f1f2f,True,2538335526,2538335520,6
1,001f00ff21f22ff2,True,2430241281,2430241275,6
1,000f01ff1fff2131,True,2956961093,2956961087,6
1,000f01ff2f3102ff,True,2629279461,2629279456,5
1,001202fff1ff022f,True,3040861412,3040861407,5
1,001f00ff22f2f21f,True,2269764700,2269764694,6
1,001f00fffff20231,True,2485084312,2485084306,6
1,000f01f31f2f0ff2,True,2420437493,2420437487,6
1,001ff121003f1fff,True,3224604465,3224604459,6
1,001f12f10ff212ff,True,2496787983,2496787977,6
1,00001fff00f331ff,True,2753335729,2753335723,6
1,001f00f3fff121f1,True,1896863741,1896863735,6
1,001f00ff23fff111,True,3147754032,3147754026,6
1,002210fff1ff1f12,True,2734350602,2734350596,6
1,000310fff12f1f1f,True,2597357329,2597357323,6
1,000f10ff22f1f22f,True,3114600584,3114600579,5
1,000f10fff0ff2321,True,3181331149,3181331144,5
1,00f0f0f112f222ff,True,2355917469,2355917463,6
1,00f0f01f20f213ff,True,2617768313,2617768307,6
1,000f01f31f12f1ff,True,2317713497,2317713491,6
1,000f01fff12f13f1,True,2980775742,2980775736,6
1,000f12f2003fff1f,True,2516973856,2516973850,6
1,00010fff01f2f23f,True,2323640751,2323640745,6
1,00010fff212f0ff3,True,2374223958,2374223952,6
1,00100fff21ff22f2,True,2538016291,2538016285,6
1,0031ffff01f102f1,True,2023418560,2023418554,6
1,000ff0f1111f23ff,True,2674300565,2674300559,6
1,0021f1f1f1ff02f2,True,2361243605,2361243600,5
1,001202ff11f2ff1f,True,2342060582,2342060576,6
1,002f02f1fff102f2,True,2105016349,2105016344,5
1,000f031f12f1f1ff,True,2538599611,2538599605,6
1,00220f1ff1ff12f1,True,2570750303,2570750297,6
1,000f0f1312f11fff,True,2799438789,2799438784,5
1,00010ff311f12fff,True,2503205370,2503205364,6
1,00010fff02ff231f,True,2842543814,2842543808,6
1,00010fff0fff2213,True,2512825403,2512825397,6
1,00010fff0ff1223f,True,2630384437,2630384432,5
1,000f0ff1f2ff0231,True,2538208898,2538208893,5
1,000f0f1f2fff0213,True,2476221696,2476221690,6
1,00010fff2f1f02f3,True,2193531400,2193531394,6
1,00121ff1022ff1ff,True,2427450423,2427450417,6
1,000ff0f22fff1221,True,2238049802,2238049796,6
1,000ff02f12f12f2f,True,2323805659,2323805653,6
1,000ff02f12212fff,True,2768598251,2768598244,7
1,000ff1f10ff20f23,True,2643798981,2643798975,6
1,000f0f230ffff112,True,2484518996,2484518991,5
1,00020ff3011fff2f,True,2509148949,2509148943,6
1,00030f2f0ff2f1f1,True,2437669891,2437669885,6
1,00020fff122f2ff1,True,2262455042,2262455036,6
1,000f0ff21f2103ff,True,2483101140,2483101134,6
1,000f0f2f0ff1f132,True,2396291937,2396291931,6
1,00020fffff2f0131,True,2481778789,2481778783,6
1,00020fffff2101f3,True,2483269428,2483269422,6
1,00011fff0f220ff3,True,2480650770,2480650764,6
1,0011f0ff111ff3f1,True,2410305351,2410305346,5
1,00fff01120fff311,True,2852358882,2852358877,5
1,000ff0f2f0ff2311,True,2521336869,2521336863,6
1,0002f0ff1f13f1f1,True,2147698916,2147698911,5
1,1001f0fff01f132f,True,2856254355,2856254349,6
1,000f31f101f2ff1f,True,2312253745,2312253739,6
1,0003f1f10ff2f1f1,True,2403709303,2403709297,6
1,0001f1fff21f12f2,True,2409577235,2409577228,7
1,0001f1ff2f1212ff,True,2074691920,2074691914,6
1,000ff1f11ff203f1,True,2070328312,2070328306,6
1,000ff1f11f1f03f2,True,2297409242,2297409236,6
1,000ff1f10f2f1f13,True,2251071380,2251071374,6
1,0001f1ffff1f0132,True,2599443891,2599443886,5
1,00f0f1f112ff2f12,True,1984814399,1984814394,5
1,0f01f10f2f0f1f31,True,2345362819,2345362813,6
1,001f22f1ffff1111,True,2273037106,2273037099,7
1,00f022f2fff1111f,True,1918917436,1918917430,6
1,001f03f1fff102f1,True,1970442410,1970442405,5
1,0001f3f10fff02f2,True,1985152624,1985152618,6
1,000f0f2f11ff3f11,True,2647043178,2647043172,6
1,000f0f2ff2f103f1,True,2488178612,2488178607,5
1,00211ff20f2f1ff1,True,2088928686,2088928680,6
1,00221ff1f1f10f2f,True,2097644573,2097644567,6
1,000f1ff1f22f211f,True,2510081543,2510081537,6
1,00011fff2f1f21f2,True,2063157364,2063157357,7
1,00011fff21fff221,True,2898241618,2898241613,5
1,00011fff21ff2f12,True,2635999257,2635999251,6
1,00011fff1f1f03f2,True,2362639215,2362639208,7
1,000f1f1f0f2f1f31,True,2698484113,2698484107,6
1,000f1ff1f1f10f32,True,2443119719,2443119712,7
1,00002fff12fff122,True,3027903716,3027903711,5
1,0001ff1f22ff112f,True,2867216460,2867216455,5
1,0001ff1f2f212f1f,True,2237077259,2237077253,6
1,000fff02222fff11,True,2791304206,2791304201,5
1,0003ffff2f1200f1,True,2194569034,2194569028,6
1,0012f1f2ff1f02f1,True,2432687564,2432687558,6
1,0003f1f10ff12ff1,True,2401367683,2401367677,6
1,000ff11f2fff2211,True,2765012899,2765012893,6
1,0000f2ff2fff2121,True,2950719733,2950719727,6
1,000ff20f2ff1212f,True,2485366049,2485366043,6
1,00f0f2f012ff2f12,True,2258929216,2258929210,6
1,001f0ff1f11f2f22,True,2192842265,2192842259,6
1,00f00ff2ff2f2112,True,2819199377,2819199371,6
1,00031f1f2ff10f1f,True,2162976219,2162976213,6
1,00f12f210f211fff,True,2576971169,2576971163,6
1,00002ffff22f12f1,True,2439002178,2439002172,6
1,000f2f0ff11f222f,True,3251807134,3251807130,4
1,0021ff2101f12fff,True,2518512100,2518512094,6
1,0001ff1f22f121ff,True,2366671782,2366671775,7
1,0001ff1ff1f1023f,True,2546239743,2546239737,6
1,0001fff11ff22f12,True,2185791637,2185791631,6
1,00f0ff1122ff21f1,True,2157018108,2157018102,6
1,0010fff12f2f1f12,True,1941484790,1941484784,6
1,1002ff211f1ff1f1,True,2108906777,2108906770,7
1,100ff01f1ff2f221,True,2280815586,2280815579,7
1,0010f1ff2f2ff112,True,2571346390,2571346385,5
1,100ff1221ffff111,True,2032255988,2032255982,6
1,00f032f01ffff111,True,2237779059,2237779053,6
1,00f10ff1ff212f21,True,2366151216,2366151210,6
1,00020fff3ff10f21,True,2253584509,2253584503,6
1,00011ffff1f22f21,True,1923616773,1923616767,6
1,00f22f11ffff1111,True,2065846403,2065846398,5
1,00212ff1f1f11ff1,True,2219445769,2219445763,6
1,001f2f210ff12ff1,True,2689240444,2689240439,5
1,00022f2f11ffff11,True,2264027389,2264027383,6
1,00002ffffff12212,True,2478059320,2478059314,6
1,0001ff1f022f2f2f,True,2736833674,2736833668,6
1,00221ff10f21ff1f,True,2233994083,2233994077,6
1,00002fffff1212f2,True,1969814129,1969814123,6
1,01022f1f11ffff11,True,2300765433,2300765427,6
1,12212ffff011f00f,True,2350100945,2350100939,6
1,0021ff121fff0f21,True,1979235515,1979235509,6
1,0001ff1f21f1f2f2,True,1804662573,1804662567,6
1,0001fff103f2f1f1,True,2304654703,2304654697,6
1,0001fff10f1f1f23,True,2422747118,2422747112,6
1,0010fff112ff2f12,True,1766231848,1766231842,6
1,00220f2ffff10f21,True,2474769427,2474769421,6
1,002f00fff12f013f,True,3091184875,3091184871,4
1,000f02f3f1f102ff,True,2186279092,2186279086,6
1,000f02f31ff102ff,True,2498002224,2498002218,6
1,000f02ff21f10f3f,True,3144291025,3144291020,5
1,0022ffff013f00f1,True,2379890628,2379890622,6
1,00f221f1021f1fff,True,2885621115,2885621108,7
1,00f002fff1f2122f,True,2535411808,2535411803,5
1,00020ffff1f2013f,True,2454608275,2454608270,5
1,001f10fff11113ff,True,2889183430,2889183425,5
1,0011f0ff22f121ff,True,2346850649,2346850643,6
1,0011f0ff10ff231f,True,3105276800,3105276795,5
1,003101ffff1f02f1,True,1959984291,1959984285,6
1,002f02f2ff1f012f,True,2193164188,2193164182,6
1,002f022fff1f01f2,True,2554841592,2554841586,6
1,000f0f321fff02f1,True,2066536095,2066536089,6
1,00020fff121f0f3f,True,2442279468,2442279462,6
1,000f1f1ff12f01f3,True,2625283830,2625283824,6
1,0003ffff21f200f1,True,2258470328,2258470322,6
1,0003ffff12f1002f,True,2460189384,2460189378,6
1,0001f1ff121f03ff,True,3008309795,3008309790,5
1,000ff1f1023f1ff1,True,2401778990,2401778984,6
1,002202ffff1f021f,True,2575166876,2575166870,6
1,000f02ff31f11ff1,True,2706792494,2706792488,6
1,01fff2f100031ff1,True,2432209554,2432209548,6
1,001f0ff1f2f2112f,True,2174611843,2174611837,6
1,002f1f210fff21f1,True,2094753486,2094753480,6
1,00031f1f12ff0ff1,True,2518327194,2518327188,6
1,00031f1f12f10fff,True,2664300362,2664300356,6
1,000f1ff1f1ff0231,True,2436930764,2436930758,6
1,00013ff10fff003f,True,2399643685,2399643679,6
1,0023fff20f1f00f1,True,2545963226,2545963220,6
1,00ff20f1122fff11,True,2702683618,2702683612,6
1,00f120fff212f1f1,True,2267019355,2267019349,6
1,001f20fffff21211,True,2630939351,2630939345,6
1,1011f0fff22f111f,True,3059138967,3059138961,6
1,0031f1f1002fff1f,True,2733917821,2733917815,6
1,000ff12f1fff2121,True,2640816024,2640816017,7
1,0002f1fff1ff1212,True,3124277088,3124277082,6
1,001f02fff1f22f11,True,2518695948,2518695943,5
1,00120fff21f1f2f1,True,1857883573,1857883568,5
1,001f1f1f02ff2f21,True,2515210225,2515210219,6
1,00021ffff2f1112f,True,2100750484,2100750478,6
1,00021fff1f1f212f,True,2414647886,2414647880,6
1,00021fff21f11ff2,True,2097763132,2097763126,6
1,00023ff10fff01f2,True,2329697931,2329697925,6
1,00023ff101ff0f2f,True,2210665462,2210665456,6
1,000fff21032f01ff,True,2649574137,2649574131,6
1,0002ff1f0f2f013f,True,2675615085,2675615079,6
1,00f2f01ffff11122,True,2402079668,2402079662,6
1,101ff0f1101ff3f1,True,2257998535,2257998530,5
1,000ff12f2fff1211,True,2684407843,2684407838,5
1,0002f1ff0f221f2f,True,2365599907,2365599900,7
1,00f0f1f22fff1211,True,2046059417,2046059411,6
1,100ff11f2fff1121,True,2710588708,2710588702,6
1,1001f1ff2f2f111f,True,2664478269,2664478263,6
1,000f12ffff1212f1,True,2207029662,2207029656,6
1,00f012ffff21211f,True,2194495536,2194495529,7
1,000ff2f1f12f12f1,True,2381381372,2381381366,6
1,000ff2f1ff1f0032,True,2675588417,2675588411,6
1,002f0ff1f1221f1f,True,2076482425,2076482419,6
1,001f0ff22f210ff2,True,2132948523,2132948517,6
1,00311f1f0f1ff1f1,True,2307461279,2307461273,6
1,000f1f2ff2f1211f,True,2391589959,2391589953,6
1,000f2f1ff2ff1121,True,2650720265,2650720259,6
1,00102ffff2f2111f,True,2193701017,2193701011,6
1,000fff2102f103ff,True,2599703588,2599703583,5
1,000ff2f1ff1f0131,True,2511435368,2511435363,5
1,00f0f21f2ff1211f,True,2385600671,2385600665,6
1,00120fff1ff12f12,True,1908919693,1908919687,6
1,0002fff10f2f12f2,True,2254816429,2254816423,6
1,0020ff1ff2f2f111,True,2714139998,2714139992,6
1,0020ff1f12f2ff11,True,2165863928,2165863923,5
1,100ff02ff2121ff1,True,2517420355,2517420349,6
1,00f0f1f21f2ff211,True,2016040894,2016040888,6
1,010f2f0f211fff21,True,2663479693,2663479687,6
1,0002ff1f02212fff,True,2693982631,2693982625,6
1,000fff2103ff0f21,True,2391639890,2391639884,6
1,0020fff112fff112,True,1952395016,1952395010,6
1,020fff012f2f11f1,True,1868441615,1868441610,5
1,0f0ff1111fff2121,True,2263180302,2263180296,6
1,000f2f1ffff21211,True,2184885817,2184885810,7
1,000fff21211f2ff1,True,2355212132,2355212126,6
1,0001ff2ff21f12f1,True,2502177352,2502177346,6
1,01f0ff1112fff112,True,2092583014,2092583008,6
1,1121ff2f120ff00f,True,2862843777,2862843770,7
1,0003ff210ff10ff2,True,3072019940,3072019935,5
1,000312ff0fff01f2,True,2478130413,2478130407,6
1,000f12ff0f2f01f3,True,2663459397,2663459391,6
1,00ff10f2f01f13f1,True,2411347515,2411347509,6
1,002f01fffff20122,True,2557698858,2557698853,5
1,0031f1f1f1ff00f2,True,2676255704,2676255699,5
1,000ff1f2012f03ff,True,2871264638,2871264633,5
1,00f2f1ff02f121f1,True,1935524487,1935524481,6
1,003102ffff1f00f2,True,2178734292,2178734286,6
1,000f13f201f20fff,True,2743087593,2743087587,6
1,00031ff200f2f1ff,True,2481698611,2481698605,6
1,000f1f2f0f2301ff,True,2546878428,2546878423,5
1,002f1fff00131ff1,True,2601181874,2601181868,6
1,00ff20f1f11f22f1,True,2497876272,2497876266,6
1,0012f0ff1022f2ff,True,2993579341,2993579335,6
1,101ff0f1221f11ff,True,2600379994,2600379989,5
1,0013f1f11ff101ff,True,2546578242,2546578237,5
1,0031f1f10f1f02ff,True,2382061832,2382061826,6
1,001ff1f101f1f1f3,True,2400698229,2400698223,6
1,003102fffff101f1,True,2044164458,2044164452,6
1,000312ff00f2ff1f,True,2688378820,2688378814,6
1,000f12fff1ff1212,True,3213924610,3213924605,5
1,000f12ff0ff20f13,True,2669583334,2669583328,6
1,0003f2f11fff002f,True,2397871372,2397871366,6
1,0013f2ff1ff1001f,True,2222411250,2222411244,6
1,00131ff101fff1f1,True,2226965001,2226964995,6
1,00131ff1f1ff01f1,True,1823925257,1823925251,6
1,000fff1202ff01f3,True,2299696247,2299696241,6
1,00f1f0f2f1f1122f,True,2316105835,2316105829,6
1,001ff1f121ff0f22,True,2116874516,2116874511,5
1,0002f1ff01f22ff2,True,1921822863,1921822857,6
1,000ff12f12ff0f22,True,2993778661,2993778656,5
1,002f0ff1f12f12f1,True,1922070376,1922070370,6
1,001f0f2ff2f111f2,True,2291191905,2291191899,6
1,00032ff11f1f01ff,True,2273176380,2273176374,6
1,003fff120f2f00f1,True,2533791828,2533791823,5
1,10fff01f1121f21f,True,2900970549,2900970543,6
1,101ff0fff2f21111,True,3088511635,3088511629,6
1,001ff1ff2f1211f1,True,2151715477,2151715471,6
1,00f112fffff10212,True,1761089591,1761089585,6
1,00f21ff1f1f121f1,True,1951227784,1951227778,6
1,00ff1ff1f11212f1,True,2934627790,2934627785,5
1,00ff1f1f02f12f12,True,2402147446,2402147440,6
1,00f11fff02f12f12,True,2261770026,2261770020,6
1,00f12ff101ff2f21,True,2186786847,2186786841,6
1,0013fff1f1f100f2,True,2566134691,2566134686,5
1,0013fff11f1f00f2,True,2138345605,2138345599,6
1,00f2f1f10f2f1f21,True,2146353692,2146353686,6
1,000f22ff112fff11,True,2821538736,2821538730,6
1,000ff2ff21121ff1,True,2440798385,2440798379,6
1,002f0f2ff2f10f21,True,2521588541,2521588535,6
1,00f21ff10f211ff2,True,2626444575,2626444570,5
1,00f21f1f0f22f1f1,True,2134339557,2134339551,6
1,0013ff1f02f10f1f,True,2351963519,2351963514,5
1,001ffff122ff1111,True,2271991656,2271991650,6
1,0021f1fffff10212,True,2179469282,2179469276,6
1,00f1f2f10f2f1f12,True,2073848623,2073848618,5
1,1f12f2f01200f1ff,True,2471808134,2471808128,6
1,00211fff1f1f1f21,True,1945034211,1945034205,6
1,00211fff0f212ff1,True,2240322871,2240322865,6
1,0012ff1f02f21ff1,True,1974900129,1974900123,6
1,021fff2100f21f1f,True,2003193758,2003193752,6
1,001f2ff1f12f1f11,True,1987045678,1987045673,5
1,000f2ff2ff1f1121,True,1927471799,1927471793,6
1,0012fff12fff1111,True,2273687490,2273687484,6
1,0021ff1f021ff2f1,True,2297896858,2297896852,6
1,000ffff2212f1f11,True,2335276589,2335276583,6
1,0f0ff11f2ff21111,True,2416364792,2416364786,6
1,010f2ff11f2ff111,True,1832722055,1832722048,7
1,00f1ff211ff10f22,True,2390165728,2390165722,6
1,0101ff2f12fff111,True,2292774150,2292774144,6
1,0002fff2ff1f0031,True,3065312511,3065312505,6
1,0031f1ff0f2f00f2,True,2407853415,2407853409,6
1,0031f1ff01f20ff1,True,2217033100,2217033094,6
1,00211fff21f102ff,True,2415548255,2415548249,6
1,00ff1ff100231ff1,True,3147258672,3147258666,6
1,0031f1ff0ff102f1,True,2021908820,2021908814,6
1,1111f2ff10ff20f1,True,2897788688,2897788683,5
1,00030fff01f2f2f1,True,2099223381,2099223375,6
1,00030fff12f10ff2,True,2231838428,2231838422,6
1,001f2ff100f3f1f1,True,2081304144,2081304138,6
1,0013fff102f101ff,True,2356590023,2356590018,5
1,00fff0f2f2f11112,True,2652119721,2652119715,6
1,1f12f2f0f2001f1f,True,2158736593,2158736587,6
1,00030fffff1f0031,True,2473981606,2473981599,7
1,00f21ff10f2f21f1,True,2375039517,2375039511,6
1,00f11f2f1fff0212,True,2066764623,2066764617,6
1,0012ff1f02f202ff,True,2448472057,2448472051,6
1,0003f1ff0ff20f21,True,2464177713,2464177707,6
1,012ff1f102f11f1f,True,2098852654,2098852648,6
1,002ff2f11ff102f1,True,1907365725,1907365719,6
1,001f03ffff2101f1,True,2183031580,2183031575,5
1,002f2ff102f11f1f,True,2099475133,2099475127,6
1,0022fff10ff2012f,True,2497294034,2497294028,6
1,100ff0ff121ff221,True,3069113514,3069113508,6
1,0003f1ff1f210f1f,True,1957888313,1957888307,6
1,000ff1ff01f1f312,True,3293580268,3293580264,4
1,1f2ff2003000f1ff,True,2739750678,2739750672,6
1,00221ffff1f10f21,True,2230013519,2230013513,6
1,0003ff1f1f1f012f,True,2708684527,2708684522,5
1,0001fffff1f10123,True,2603644490,2603644484,6
1,0f0fff01112f2f21,True,2952252301,2952252295,6
1,0f01ff0ff201113f,True,3129522717,3129522713,4
1,002fff21f1f102f1,True,2437656991,2437656985,6
1,0003ff1f021f1ff1,True,2366308298,2366308292,6
1,021ff1f10f211ff1,True,2259265890,2259265884,6
1,0001ffff2ff21121,True,2385009431,2385009425,6
1,000fff1f02212f2f,True,2637489341,2637489335,6
1,00001012f3ffff2f,True,2791077738,2791077732,6
1,0f0ff10f2f01113f,True,2622312775,2622312769,6
1,0022fff10f21f1f1,True,2651150878,2651150872,6
1,0022fff10f121ff1,True,2372959283,2372959277,6
1,0001fffff21221f1,True,2486706128,2486706122,6
1,00ff12f201f21f1f,True,2304676561,2304676556,5
1,000f1fff001303ff,True,2883354687,2883354682,5
1,00ff10fff02f1311,True,3272997714,3272997710,4
1,000f1fff01ff0322,True,3110635693,3110635688,5
1,00fff0f122ff1211,True,2582271392,2582271385,7
1,001ff0ff10ff2311,True,3026314024,3026314018,6
1,0003f1ff01ff1f21,True,2548418678,2548418672,6
1,000ffff1012f02f3,True,2764253024,2764253019,5
1,000ff1ff01f1231f,True,3208293869,3208293865,4
1,001f0ffff1f21212,True,2559551120,2559551115,5
1,00f21f2f01f12f1f,True,2262119992,2262119985,7
1,00010003ffff1f3f,True,2354652179,2354652173,6
1,0001000ff3ff1f3f,True,2609262767,2609262761,6
1,000f0001ff3f1f3f,True,2748281956,2748281950,6
1,000ff0ff10f2f321,True,3236793381,3236793376,5
1,000ff0ff132ff111,True,3219354890,3219354885,5
1,000fff0f222f112f,True,3200359943,3200359939,4
1,000fff0f2f3f1111,True,2896619420,2896619415,5
1,000ff0fff0f31212,True,3412413647,3412413642,5
1,00f0f0ff22ff1212,True,3045921703,3045921697,6
1,00f0f0fff1f21222,True,2782729426,2782729421,5
1,0000101f2ffff2f3,True,2533834247,2533834241,6
1,00000113f2ff2fff,True,3146859882,3146859876,6
1,000f01012f3ff2ff,True,2709860044,2709860039,5
1,000100f13f2f2fff,True,2674560218,2674560212,6
1,001000f1f2f2fff3,True,3038188429,3038188424,5
1,00001013ff2f2fff,True,2868250590,2868250584,6
1,000201212fffff2f,True,2462781883,2462781877,6
1,0001001ff3f2ff2f,True,2575072463,2575072458,5
1,0000011ff3f2ff2f,True,2541067553,2541067548,5
1,00010031ff2ffff2,True,3177092543,3177092538,5
1,0000002fff23fff2,True,3099804451,3099804446,5
1,0001001f0f3fff3f,True,2944203298,2944203293,5
1,000f0002f23ff2ff,True,3278371755,3278371751,4
1,000f0021ffff13f2,True,2010983613,2010983607,6
1,0001002f3fff1f2f,True,2522753497,2522753491,6
1,00000213f2ff1fff,True,3126520145,3126520139,6
1,000200f13fff2ff1,True,2279621871,2279621865,6
1,000100f2ff3ff2f1,True,2665250553,2665250547,6
1,001000f2fff3f2f1,True,2432596948,2432596942,6
1,00f01011ff2f1ff3,True,2159628000,2159627994,6
1,000f1002ffff1f32,True,2203945286,2203945280,6
1,00010131fffff1f2,True,2344042213,2344042207,6
1,001001f1fff2f13f,True,2654064859,2654064853,6
1,000001f21ff2ff3f,True,2233963993,2233963987,6
1,00000f213f21ffff,True,2857408274,2857408269,5
1,00100f20ff1f3ff2,True,2335482998,2335482992,6
1,00000132ffff2f1f,True,2322175591,2322175586,5
1,0001011ffffff231,True,2452199597,2452199591,6
1,0002010ff2ffff31,True,2567438885,2567438879,6
1,000002f113f2ffff,True,2784369427,2784369421,6
1,000002f11ff2ff3f,True,2171078034,2171078028,6
1,0001020f1f2fff3f,True,2991725294,2991725289,5
1,000100f2f321ffff,True,3353404109,3353404106,3
1,00f00021f3ffff12,True,2696756147,2696756141,6
1,0001110fff3ff2f1,True,2496576283,2496576277,6
1,0001110ff21fff3f,True,3019555761,3019555756,5
1,0001110f2f31ffff,True,2722347508,2722347503,5
1,000021221fffff2f,True,2404546410,2404546404,6
1,0001020ffff12f3f,True,2084890319,2084890313,6
1,00001222f1ffff2f,True,2786533537,2786533531,6
1,000001f2fff23ff1,True,2303612458,2303612452,6
1,0001002fff1fff32,True,3174473095,3174473090,5
1,00100023ffff12ff,True,3153131331,3153131326,5
1,000100f213ff2fff,True,3128318611,3128318605,6
1,000200f11fff2ff3,True,2410481715,2410481709,6
1,000100f2f1ff2ff3,True,1978053954,1978053948,6
1,0000012f21fff3ff,True,3302386849,3302386845,4
1,0011002f1ffff3f1,True,2582323975,2582323969,6
1,002000f2ff1f1ff3,True,2299567837,2299567831,6
1,000000f3ff1f1ff3,True,2244731884,2244731878,6
1,000000f31f13ffff,True,2964885779,2964885776,3
1,000f000f1ff13f3f,True,2540099568,2540099562,6
1,000101f2fff203ff,True,2255680523,2255680517,6
1,0010012f2ffff2f2,True,2630592956,2630592950,6
1,001f0012fff22ff2,True,2669169238,2669169233,5
1,001f0012fff22f2f,True,1891448089,1891448084,5
1,000f00222fffff22,True,2531452564,2531452559,5
1,00031012fffff1f1,True,2343389994,2343389988,6
1,000110f2f3ff1ff1,True,2010863667,2010863661,6
1,000020f2f22ff2ff,True,2795673881,2795673876,5
1,0002011f1ffff3f1,True,2731726029,2731726023,6
1,00f00121ff1f1ff3,True,2120880546,2120880540,6
1,000011f2fff222ff,True,2281955877,2281955871,6
1,000102f12fff2f2f,True,2455701916,2455701910,6
1,000102f10fff3ff2,True,2425713574,2425713568,6
1,000103211ffff1ff,True,3097771503,3097771498,5
1,0001201ff1fff3f1,True,3165907723,3165907717,6
1,0000211ff22f2fff,True,3150623875,3150623871,4
1,0001210fff3fff11,True,3325453544,3325453539,5
1,000102f1ff1ff13f,True,3021960910,3021960904,6
1,00001213ffffff20,True,2991988518,2991988513,5
1,0000121fff2ff3f0,True,2854088604,2854088600,4
1,00f01210f2ff2ff2,True,2249653332,2249653326,6
1,000011f2fff22f2f,True,2086021552,2086021546,6
1,000011f2ff2f2f2f,True,2476061930,2476061925,5
1,000f2101ff1ff13f,True,2781317307,2781317301,6
1,0000121ffff1f1f3,True,2216156781,2216156775,6
1,000103210ff2ffff,True,3364463671,3364463667,4
1,00000f2222f2ffff,True,2818062008,2818062003,5
1,00000f222ff2ff2f,True,2284451512,2284451507,5
1,0000121ff230ffff,True,3364058628,3364058624,4
1,0000220fff3f1f1f,True,2726555146,2726555140,6
1,000000041ffff1ff,True,3087345118,3087345112,6
1,000f0003ffff023f,True,2683511044,2683511039,5
1,000000ff03f3f2ff,True,2238816684,2238816679,5
1,000000fff13f1ff3,True,2426649485,2426649479,6
1,000000ff0f3ff2f3,True,2595862742,2595862736,6
1,000f102120fff3ff,True,3447630704,3447630700,4
1,0001012f22ff2fff,True,3120185777,3120185772,5
1,00210031ffff0f2f,True,2613185118,2613185112,6
1,000300030ff2ffff,True,3369333357,3369333353,4
1,001f00122f2f2fff,True,3040653632,3040653626,6
1,000200f203fffff2,True,2733636772,2733636766,6
1,000f00030f32ffff,True,3342437664,3342437660,4
1,0001021f1fff31ff,True,3034769315,3034769309,6
1,000002f20f3f2fff,True,2721894440,2721894434,6
1,001f0022ff2f1ff2,True,2076929630,2076929624,6
1,0012002ff1ffff22,True,2660730095,2660730089,6
1,0003001f1f2fff2f,True,2973423917,2973423913,4
1,000f001ff12ff3f2,True,3010195629,3010195623,6
1,000f001ff32f1f2f,True,3222207325,3222207320,5
1,00f11012f0fff3f1,True,2788394831,2788394825,6
1,000f2021f1fff22f,True,2798159827,2798159822,5
1,000f0122f2fff21f,True,2941497141,2941497135,6
1,0002012ff2f1f2ff,True,2793597955,2793597949,6
1,000001ff2ff3f2f1,True,2148366638,2148366632,6
1,000f0212ffff12f2,True,1809159047,1809159041,6
1,0002021ff1fff22f,True,3174653494,3174653489,5
1,001002f22ff2f1ff,True,2415311989,2415311983,6
1,00020f21f2ff12ff,True,3231995144,3231995138,6
1,00000ff112fff2f3,True,2003402206,2003402200,6
1,00000ff1223f1fff,True,2671898361,2671898354,7
1,00000f1f21fff2f3,True,2553720868,2553720862,6
1,001f0022ffff2f21,True,1917302972,1917302966,6
1,000f0031fff22f1f,True,2070546087,2070546081,6
1,000f001ff3f2f2f1,True,2961179411,2961179405,6
1,000f00f12f31fff2,True,2573048858,2573048853,5
1,0001112ff2ff2f1f,True,2818810728,2818810722,6
1,000102f2ff1f03ff,True,2385616637,2385616631,6
1,00f01211f1ff2ff2,True,2212469746,2212469740,6
1,0000122f2ffff12f,True,2660597826,2660597820,6
1,00102f202f1fff2f,True,2711968054,2711968048,6
1,00f10112fff1f22f,True,2318297888,2318297883,5
1,0002012ffff12f2f,True,2016428866,2016428860,6
1,001022f02ffff1f2,True,2280518697,2280518691,6
1,00010f22f2ff1f2f,True,2407472263,2407472257,6
1,00000ff123ff1ff2,True,2058927232,2058927226,6
1,00000ff112ffff23,True,2130673781,2130673774,7
1,00011f212ff1fff2,True,2997511499,2997511494,5
1,00001f22f22ffff1,True,2701007842,2701007835,7
1,001020f2f212ffff,True,3360431177,3360431173,4
1,0020f012ffff221f,True,2355606401,2355606395,6
1,00f0f01032fff2f1,True,2696638164,2696638158,6
1,000211f1ff2f2ff1,True,1910345755,1910345750,5
1,001011f2f21ffff2,True,2582666359,2582666353,6
1,000021f2ff221fff,True,2771616847,2771616842,5
1,0001f121ffff212f,True,2450680842,2450680836,6
1,0001f1212f2ff1ff,True,2492193808,2492193802,6
1,0000122ff1f2ff2f,True,2457672026,2457672020,6
1,0001220ff2ffff21,True,2485872537,2485872531,6
1,00f02210fffff212,True,2298920888,2298920882,6
1,00000ff12ffff321,True,2172246222,2172246216,6
1,00000f1f23f1ff2f,True,2417821247,2417821242,5
1,00000ff1ff12f23f,True,2919224140,2919224134,6
1,00001f0f2f321fff,True,2150598717,2150598711,6
1,000012f2f2ffff21,True,2315543651,2315543644,7
1,00001f222ffff21f,True,2361855286,2361855280,6
1,002f0012ff2fff12,True,3421673264,3421673260,4
1,000f0013ff22fff1,True,3254547021,3254547016,5
1,000300131fff0fff,True,3398280189,3398280186,3
1,0012002f12fff2ff,True,3329986384,3329986380,4
1,000f00131ff30fff,True,2996736180,2996736174,6
1,000201f212ff2fff,True,3080387470,3080387464,6
1,000001ff01f33fff,True,2489851049,2489851043,6
1,001f0003ff2f21ff,True,2750110520,2750110515,5
1,000100fff22f13ff,True,2943112685,2943112679,6
1,000100ff1f322fff,True,2401402851,2401402845,6
1,00f000f1f1f2f2f3,True,2758333689,2758333684,5
1,0001022f21ff2fff,True,3149823064,3149823060,4
1,00030013ffff0f1f,True,2737251133,2737251127,6
1,002f00122ff1f2ff,True,2454007673,2454007666,7
1,0022001fffff031f,True,2663501786,2663501780,6
1,000100ff0fff3f31,True,2389028286,2389028280,6
1,000f00f1ff310ff3,True,3111220417,3111220412,5
1,00f01022f1fff2f2,True,2688237056,2688237051,5
1,000300f21f1fff2f,True,2695494498,2695494492,6
1,000200f3fff11ff2,True,2548521851,2548521845,6
1,0002003f1f21ffff,True,2799487936,2799487930,6
1,001f00f1f32ff11f,True,2604312748,2604312742,6
1,001100fff31f1f2f,True,2454151612,2454151606,6
1,000f00f23f2f1ff1,True,2220199567,2220199561,6
1,000200fff3f2f11f,True,2361747467,2361747461,6
1,000200fff1fff312,True,3078177314,3078177309,5
1,000f002f1f3fff21,True,2668205546,2668205540,6
1,000200fff12fff31,True,2837741156,2837741150,6
1,001010fff0fff322,True,3054869082,3054869076,6
1,000101ff0ff2f32f,True,2393135922,2393135916,6
1,000202f22ff1f1ff,True,2338613053,2338613047,6
1,000002f3ff1f12ff,True,2194310671,2194310665,6
1,0000023f1ff12fff,True,2917040739,2917040733,6
1,000f020fff3f211f,True,3222575629,3222575624,5
1,0000131fffff3f00,True,2713204352,2713204346,6
1,000f002ff3f1f2f1,True,2995131893,2995131887,6
1,000200ff2f13fff1,True,2286290109,2286290103,6
1,002210f1fff2f1f1,True,2577860510,2577860505,5
1,000310f1f1f2ff1f,True,2369067114,2369067107,7
1,0001103fff211fff,True,2709272458,2709272452,6
1,000110ffff2f1f31,True,2111913446,2111913440,6
1,00f0101ff3f2f1f1,True,2653831815,2653831809,6
1,001010fff31ff1f2,True,2493703653,2493703647,6
1,000020ffffff2222,True,2989522455,2989522449,6
1,000020ff22ffff22,True,2817465695,2817465689,6
1,0001f01f22fff22f,True,2935534944,2935534938,6
1,00f0f011f2f222ff,True,2520329887,2520329881,6
1,000f01f11f1f3f2f,True,2552610777,2552610771,6
1,000f01f1ff311ff2,True,2292879913,2292879907,6
1,000101ffff12f13f,True,2522075302,2522075296,6
1,000101ffff231ff1,True,2103657294,2103657288,6
1,000011ffff2222ff,True,2237991871,2237991865,6
1,000f1221ffff211f,True,2476055868,2476055863,5
1,000112f2f1fff21f,True,3112131268,3112131263,5
1,00f02211f1ff1ff2,True,2316068793,2316068787,6
1,000003f2ffff11f2,True,1820780296,1820780290,6
1,00010f31fff202ff,True,2410815612,2410815606,6
1,000f0f1113fff12f,True,2310638967,2310638961,6
1,00000ff222f22fff,True,2416632882,2416632876,6
1,00000ff20ff22ff3,True,2595560063,2595560058,5
1,00000ff2ff2f023f,True,2724607463,2724607458,5
1,00000ff23f21ff1f,True,2136990967,2136990961,6
1,000020fffff113f2,True,2169088026,2169088019,7
1,0001f01f23fff11f,True,3004807008,3004807002,6
1,0001f01f21fff31f,True,3082168391,3082168386,5
1,002011f2fff11ff2,True,2507429339,2507429333,6
1,0010f1f01fff31f2,True,2278205175,2278205169,6
1,001202f1fff2f1f1,True,2637026697,2637026691,6
1,0003020fff2f1ff1,True,2392040658,2392040652,6
1,000002fffff113f2,True,2054841870,2054841864,6
1,000002fff121f3ff,True,2388725856,2388725850,6
1,000002ffff1f1f32,True,2279971980,2279971975,5
1,000002ff1f2fff31,True,2330402796,2330402790,6
1,000002ff1ff2ff13,True,2265943546,2265943540,6
1,000f2211f2ff1ff1,True,2179437570,2179437564,6
1,0000222f1ff1f2ff,True,2181254470,2181254464,6
1,00010f1f13fff21f,True,3138094929,3138094924,5
1,00010f1f1ff12ff3,True,2113328211,2113328205,6
1,00100ff1ff1f21f3,True,2442479085,2442479079,6
1,00000ff2f2ff131f,True,2630400193,2630400188,5
1,00000ff213ff2f1f,True,2424932909,2424932903,6
1,00000ff2f13ff2f1,True,2564058171,2564058165,6
1,00000f2ff2f1f1f3,True,2542653535,2542653528,7
1,00201f12f2f1ff1f,True,2373269726,2373269720,6
1,00001f1ffff032f2,True,2286931810,2286931804,6
1,00001f1f2ff0ff32,True,2128247380,2128247374,6
1,00001f1f2f2fff30,True,2749505011,2749505006,5
1,00101ff02fff3f11,True,2460696899,2460696892,7
1,00102f21f1f2ff1f,True,2279006640,2279006634,6
1,12f1ffff1111200f,True,2028341685,2028341680,5
1,0010f1f0fff131f2,True,2201178491,2201178485,6
1,000002ff2ff1ff13,True,2163446161,2163446155,6
1,00f01310ffff1f12,True,1992827012,1992827006,6
1,00000ff22ff2f22f,True,2256452033,2256452028,5
1,00021f12f1ffff21,True,2463646198,2463646192,6
1,000f1f01ffff2131,True,2120860737,2120860731,6
1,00101ff0f21f1f3f,True,2421769186,2421769180,6
1,00012f12ff2f02ff,True,2434514022,2434514016,6
1,000f0131ff1fff21,True,3409514961,3409514957,4
1,0002220ff12ffff1,True,2814722858,2814722852,6
1,00000f23ffff1f12,True,2447216730,2447216725,5
1,00010ff1ff311ff2,True,2477518702,2477518696,6
1,00000f2f13f1fff2,True,2402272035,2402272029,6
1,00020f0fff121f3f,True,2596999733,2596999728,5
1,00002f0ffff1213f,True,2022428575,2022428569,6
1,000f01311fff21ff,True,3177682281,3177682276,5
1,000f01f112fff13f,True,2445609228,2445609222,6
1,001f0031fff202ff,True,2648586846,2648586841,5
1,000200f3ffff022f,True,2500158207,2500158201,6
1,0003002fffff022f,True,2747853640,2747853634,6
1,000f002f22ff2f2f,True,2903754479,2903754474,5
1,000200ff13f21fff,True,2437347277,2437347271,6
1,00f000f2f1ff1f23,True,2223160467,2223160461,6
1,0000023fffff00f3,True,2559467617,2559467611,6
1,0002003fff1f12ff,True,2765461967,2765461960,7
1,0002003ff1fff2f1,True,2980334542,2980334536,6
1,001f00f1f31f21ff,True,2601809855,2601809850,5
1,001f00f11f1ff23f,True,2280660982,2280660976,6
1,000200fffff121f3,True,2286568692,2286568687,5
1,000f101f22fff22f,True,3127880172,3127880168,4
1,000110ff20fff3f2,True,2799049252,2799049247,5
1,000110fff1ff1f32,True,2469915850,2469915844,6
1,000f011f222f2fff,True,3342058047,3342058043,4
1,000101ff0f2f23ff,True,2691748673,2691748666,7
1,000101ff02f2fff3,True,2353696478,2353696472,6
1,001001ff1ff231ff,True,2371149203,2371149197,6
1,000221f1ffff00f3,True,2420946626,2420946620,6
1,000f002f2f2f2f2f,True,3195435835,3195435831,4
1,000310f1f1fff2f1,True,2310775395,2310775389,6
1,000f10f1ffff1231,True,2272271772,2272271766,6
1,0021201ff12f1fff,True,3182571910,3182571906,4
1,000301f11ffff2f1,True,1953426142,1953426136,6
1,000101f312f1ffff,True,2721268842,2721268836,6
1,000f01f11f1f2f3f,True,2535897171,2535897165,6
1,000101ffff1321ff,True,2273626010,2273626004,6
1,000f0222f2ff0ff2,True,2819557041,2819557036,5
1,0000023f0f2f2fff,True,2831927084,2831927078,6
1,0000023f2fff0f2f,True,2663698503,2663698498,5
1,000002fff3f211ff,True,2166221589,2166221583,6
1,000002ff0f3f2f2f,True,2702118670,2702118665,5
1,000f020fff3f11f2,True,2688850956,2688850950,6
1,000f020ff1ff1f32,True,2883802148,2883802142,6
1,00010ff102f3f2ff,True,2402472851,2402472845,6
1,00000ff2f1ff123f,True,2517541485,2517541478,7
1,000f0f02113f2fff,True,2992141138,2992141132,6
1,002100f3ff1ff1f1,True,2742761958,2742761952,6
1,001200ff13f1ff1f,True,2257917997,2257917991,6
1,00f100f2fff11f13,True,2281212243,2281212237,6
1,00f1002ff13fff11,True,2715158578,2715158572,6
1,001110fff0f1f32f,True,2319818793,2319818787,6
1,000f10f2f2fff212,True,2418951027,2418951021,6
1,0002f01f22f21fff,True,2502478127,2502478120,7
1,000f01230f2fff1f,True,2848426560,2848426554,6
1,0003012f0ff1fff2,True,3024016930,3024016924,6
1,000f012ff2f12ff2,True,2291851526,2291851520,6
1,001221f11ffff1f1,True,1928839419,1928839414,5
1,0000f12f3f20ff1f,True,2561037334,2561037329,5
1,000102ff2f22f1ff,True,2411014867,2411014861,6
1,000012f3fff111ff,True,2191036703,2191036697,6
1,00020f130ffff1f2,True,2494920463,2494920457,6
1,00010ff22fff21f2,True,2178932247,2178932241,6
1,00010ff212fff2f2,True,1943100928,1943100923,5
1,00010f2f01fff32f,True,2792522773,2792522768,5
1,00010ff2fff2013f,True,2539731331,2539731325,6
1,00010f2ffff2013f,True,2309109334,2309109328,6
1,00f1002fff212ff2,True,2415917989,2415917983,6
1,0002103fff1ff1f1,True,2631818118,2631818112,6
1,00f01023ff1f1ff1,True,2405694570,2405694564,6
1,000f102fff11f1f3,True,2586965077,2586965071,6
1,00f0201f2ff1f2f2,True,2261694270,2261694264,6
1,000ff02113fff11f,True,2468822893,2468822888,5
1,000ff012f3f111ff,True,2359589919,2359589913,6
1,0010f0f2f0ff231f,True,3028053934,3028053929,5
1,0002013ff1f1ff1f,True,2546288834,2546288829,5
1,002001f3fff1f11f,True,2363597883,2363597877,6
1,000f01f231f1fff1,True,2661635617,2661635611,6
1,002001fffff2f122,True,2467212777,2467212771,6
1,00f0111f2ff2f21f,True,2205166623,2205166617,6
1,001011ffff1f22f2,True,2242271146,2242271140,6
1,000021ffff2f12f2,True,2335324411,2335324405,6
1,0001f1f1ffff0123,True,2438103375,2438103369,6
1,00f0f11112ff2ff2,True,2395945305,2395945299,6
1,100ff101f20fff31,True,3075183040,3075183035,5
1,000f021ffff1222f,True,2275439101,2275439095,6
1,000102ff2221ffff,True,3215894129,3215894125,4
1,001002ffff2f221f,True,2588230433,2588230428,5
1,00030f1202fffff1,True,2799602027,2799602021,6
1,000f0f2122ff2f1f,True,2380714363,2380714357,6
1,00020ff1f1ff13f1,True,2047540419,2047540413,6
1,00010f2f22fff21f,True,2918283817,2918283812,5
1,000f0f1202fff31f,True,2502602726,2502602721,5
1,00020f1f0fff23f1,True,2392769894,2392769887,7
1,000f0f12f21f0f3f,True,2855561283,2855561277,6
1,00010f2ffff1023f,True,2235240788,2235240782,6
1,00011f1f212ff2ff,True,3038688813,3038688807,6
1,00011ff1f1ff0f23,True,2210446763,2210446757,6
1,01011f0ffff22f21,True,1909319468,1909319463,5
1,00002f1f2ff1ff22,True,2104480407,2104480401,6
1,000120fff3f1f11f,True,2520072826,2520072820,6
1,000f210fffff2221,True,2682642260,2682642254,6
1,0001f1f12f21fff2,True,2575659865,2575659859,6
1,131ff1ff1011f00f,True,2912636822,2912636817,5
1,000212f2ffff0f12,True,2155163172,2155163166,6
1,000f0f12f1f2f2f2,True,2736409903,2736409897,6
1,000f0f121ffff222,True,2018258255,2018258249,6
1,00010ff2f2f21ff2,True,2182038099,2182038093,6
1,00010f2ffff2212f,True,2086963354,2086963348,6
1,00211f21f1ff1ff1,True,2070326234,2070326227,7
1,00011f31f1ff1f1f,True,2226877916,2226877910,6
1,00001ff2ffff1131,True,2186902851,2186902845,6
1,00001ff23f10f2ff,True,2027360782,2027360776,6
1,01011f0fff11f13f,True,3096208645,3096208641,4
1,0001ff02f10ff23f,True,3027781014,3027781008,6
1,00f0f021f0fff312,True,2900821245,2900821240,5
1,0010f02ff0fff312,True,2837600630,2837600625,5
1,000111fffff2f221,True,2249102775,2249102768,7
1,0021211ffff11f1f,True,2125567543,2125567537,6
1,000021ffff221ff2,True,2177735566,2177735560,6
1,000f210fff3f1f11,True,2672555193,2672555187,6
1,000102fffff1f222,True,2312799304,2312799298,6
1,000ff20122ffff21,True,2360408670,2360408664,6
1,0010f2f0ff2f221f,True,2582024564,2582024558,6
1,000f0f122f2f2ff1,True,2109266499,2109266493,6
1,00020ff10ff2f3f1,True,2599478475,2599478469,6
1,000f0f21fff203f1,True,2319651255,2319651249,6
1,00100ff22ffff221,True,2148563210,2148563204,6
1,00100ff22ff2ff12,True,2359084350,2359084344,6
1,00100f2ffff1f222,True,2750229926,2750229921,5
1,00001f23f1f1ff1f,True,2250672071,2250672065,6
1,00022f2111fffff1,True,2818032269,2818032263,6
1,000f2f01f21f2f2f,True,2537913786,2537913780,6
1,00102ff0ffff2212,True,2374620433,2374620427,6
1,000021fffff2f212,True,2298791643,2298791637,6
1,0001f1f12f1ff2f2,True,2009846917,2009846911,6
1,0001f1f103f2ff1f,True,2426630167,2426630162,5
1,0000f12f22ffff21,True,2373806473,2373806467,6
1,0000f12fffff0321,True,2437689596,2437689590,6
1,000012fff2f1f3f0,True,2819863010,2819863004,6
1,000f120ffff22f21,True,2265838641,2265838635,6
1,00020f31fff11ff1,True,2679077365,2679077359,6
1,00100ff21f1ff3f1,True,1916019797,1916019791,6
1,00100ff23f111fff,True,2329651057,2329651051,6
1,00011ff10f13fff2,True,2533020332,2533020326,6
1,00f01f112ff2f21f,True,1943238513,1943238507,6
1,00001f2fff2122ff,True,2171575386,2171575380,6
1,00002f1ff2f01f3f,True,2580902255,2580902249,6
1,000f2f01f22ff12f,True,2755059047,2755059041,6
1,11f1ffff1211f002,True,1968920832,1968920826,6
1,000f0f21ff1f0f32,True,2682309436,2682309430,6
1,00010ff2ff1f0f23,True,2815958513,2815958508,5
1,0003012f12ff0fff,True,3117779948,3117779943,5
1,000f02f12fff01f3,True,2339463917,2339463911,6
1,002f0013f1f11fff,True,2834514563,2834514558,5
1,001f002f1f13f1ff,True,2688802416,2688802410,6
1,001f0131ffff01f2,True,1965719172,1965719166,6
1,0003012f0f2ff1ff,True,2901847745,2901847739,6
1,000301f21fff0ff2,True,2482229882,2482229876,6
1,0002013fffff012f,True,2582759844,2582759838,6
1,001f01f1f12f03ff,True,2730754862,2730754856,6
1,000f012ff12f03ff,True,3376236489,3376236485,4
1,00f100f2fff221f2,True,1975844953,1975844947,6
1,00f1101ff1ff131f,True,2871140520,2871140515,5
1,000201f31fff1ff1,True,2787837367,2787837361,6
1,000f012f2ff122ff,True,2798016255,2798016249,6
1,000201ff03f1f2ff,True,2244187748,2244187741,7
1,000201ff1ff31f1f,True,2158881906,2158881900,6
1,000f01f2ff3102ff,True,2335450683,2335450677,6
1,00f001f2ff1311ff,True,2377408859,2377408853,6
1,000f02310ff2f1ff,True,2501790213,2501790207,6
1,000102ff0f2f31ff,True,2710608781,2710608775,6
1,000f021f1fff03f2,True,2691468015,2691468009,6
1,000f02f11f2f0ff3,True,2277727263,2277727257,6
1,001002ff1fff22f2,True,2553010537,2553010532,5
1,00020f130fff21ff,True,2818444611,2818444605,6
1,00020f1f01ff32ff,True,3088562904,3088562898,6
1,000f0f2112ff0ff3,True,2415733901,2415733895,6
1,00f100f2f2f1f2f2,True,2475151824,2475151818,6
1,001f002f2f2ff2f1,True,2611279755,2611279748,7
1,00f010f2ff2f12f2,True,2001967570,2001967564,6
1,000f20f1201ff3ff,True,2775940141,2775940136,5
1,00f020f113fff11f,True,2727013956,2727013950,6
1,001020fff11f13ff,True,2997486949,2997486944,5
1,001101fffff2212f,True,1960197183,1960197176,7
1,00f0012ffff212f2,True,2281439129,2281439124,5
1,001202f2ff1f02ff,True,2436515713,2436515707,6
1,000302f1f1fff1f1,True,2437227111,2437227105,6
1,000102f3f1ff1ff1,True,2023796273,2023796267,6
1,0003021f02fffff1,True,2902525300,2902525295,5
1,000102ff13f1f1ff,True,2264679216,2264679210,6
1,000f021f0f31f2ff,True,2508164598,2508164592,6
1,000102ff0ff1f23f,True,2323823581,2323823576,5
1,001002ff1fff31f1,True,2550488759,2550488753,6
1,001002ff1f1f31ff,True,2677770728,2677770722,6
1,00011ff121ff0ff3,True,2264162865,2264162859,6
1,00f000fff3f2f112,True,2954606013,2954606008,5
1,002110fff0f1f31f,True,2399848942,2399848936,6
1,000f202fffff1221,True,2534159431,2534159425,6
1,000ff00f103ff31f,True,3292772493,3292772488,5
1,002f01f1fff10f31,True,2341614511,2341614505,6
1,000121ffff2f112f,True,2667120925,2667120919,6
1,00f102f1ff2f12f1,True,1806647809,1806647803,6
1,000f02f2f21f1ff2,True,2091420013,2091420006,7
1,000f022f2ff11f2f,True,2223393472,2223393466,6
1,00f002f2ffff2112,True,2037453459,2037453453,6
1,000112fff12f1f2f,True,2958185636,2958185630,6
1,00000f330ff1f1ff,True,2679180545,2679180539,6
1,00210ff12fff21f1,True,2003838990,2003838984,6
1,00210f1f2ff112ff,True,2359891982,2359891976,6
1,00020ff212fff2f1,True,1960919411,1960919404,7
1,00020f2ff3f101ff,True,2399111763,2399111757,6
1,00020f2ff1f10f3f,True,2440719447,2440719441,6
1,00020f2f1fff0f13,True,2164384185,2164384179,6
1,00020f2f1ff10f3f,True,2062238919,2062238914,5
1,00000ff312ff2ff1,True,2090124775,2090124770,5
1,00000f3f2fff12f1,True,2306348640,2306348634,6
1,00000ff30ff1f1f3,True,2682696172,2682696166,6
1,00000ff30f1ff13f,True,2490714306,2490714300,6
1,00000ff3013fff1f,True,2454037731,2454037726,5
1,00011f2f0fff0f23,True,2228319263,2228319257,6
1,00011f2f0f2f0ff3,True,2401479004,2401478999,5
1,001210fff122ff1f,True,2591483348,2591483342,6
1,001120fff21f2ff1,True,2185109767,2185109761,6
1,000f20f2f0fff311,True,2317306549,2317306543,6
1,0000f0fff02223ff,True,2744076605,2744076599,6
1,00f101f2fff21f12,True,2063763558,2063763552,6
1,000211fff21f2ff1,True,2126552737,2126552731,6
1,00f021f12ffff112,True,2093127508,2093127502,6
1,001021ffff1221ff,True,2391696348,2391696341,7
1,001021ffff1212ff,True,2133540379,2133540373,6
1,0001f1f221fff2f1,True,2102608050,2102608044,6
1,00f0121ffff2121f,True,2049195189,2049195183,6
1,0010f2f11ff221ff,True,2172571433,2172571427,6
1,100ff201ff0ff131,True,2912445787,2912445782,5
1,00120ff1f12f1f2f,True,2364047803,2364047796,7
1,001f0f21fff202f2,True,2105031144,2105031139,5
1,00020ff20f2ff2f2,True,2484708020,2484708014,6
1,00000fff22222fff,True,2797579922,2797579916,6
1,00000fff0f2f322f,True,2865806371,2865806365,6
1,000f0f0f1f0f313f,True,3195230619,3195230615,4
1,000f0f0f0f2ff223,True,2947997286,2947997281,5
1,00031f12ff1f01ff,True,2478963897,2478963891,6
1,00012f1ffff2003f,True,1988659643,1988659638,5
1,00002ff2f2ff112f,True,2530261165,2530261159,6
1,1002ff01ffff1221,True,2558202467,2558202462,5
1,1221ffff10f1200f,True,2221965477,2221965470,7
1,000ff00ff1ff2321,True,3266810032,3266810028,4
1,00f101f2fff1f212,True,2294384064,2294384058,6
1,000f21f1f21f2ff1,True,2344253642,2344253636,6
1,00f0211f22ffff11,True,2695553146,2695553140,6
1,000f220ff1212fff,True,2701161880,2701161874,6
1,0001f21f1f1f0ff3,True,2592981435,2592981429,6
1,000003ff1ff22f1f,True,2113606815,2113606809,6
1,00f10f12ff1f212f,True,2528866254,2528866248,6
1,00f10f12f12ff2f1,True,2609308873,2609308867,6
1,001f0f12212ffff1,True,2709832291,2709832284,7
1,000f0f22fff112f2,True,2008441618,2008441612,6
1,000f0f22fff2121f,True,2048580169,2048580163,6
1,000f0f221f2f2f1f,True,2669314075,2669314070,5
1,00020f2fffff2112,True,2203358801,2203358795,6
1,00000ff31f1f2f2f,True,2120483471,2120483465,6
1,00000fff131f2ff2,True,2356206801,2356206795,6
1,00021f1ff1ff1f22,True,2521218084,2521218078,6
1,00011f2fff12f2f1,True,2548098117,2548098112,5
1,0002ff11f2fff121,True,2565898458,2565898452,6
1,000f202ff212fff1,True,2896629011,2896629004,7
1,002ff011f0fff311,True,2731888014,2731888008,6
1,0000f0ffff2222f2,True,2586649457,2586649451,6
1,000f112f2f1fff21,True,2455801762,2455801756,6
1,000211ffff2f2f11,True,2115788598,2115788592,6
1,0010f1f2ff1212ff,True,2283681893,2283681887,6
1,000f022f2ff1ff12,True,2412873604,2412873598,6
1,00f002f2ff12f2f1,True,2308166458,2308166452,6
1,00f002f2fff1f212,True,2263312912,2263312907,5
1,100ff2011f2ff2f1,True,2086219906,2086219900,6
1,00210f1ffff103f1,True,2100510379,2100510373,6
1,00210f1ffff1031f,True,2203890288,2203890282,6
1,00020f2f22ffff11,True,2329502296,2329502290,6
1,00021ff1f2ff1f21,True,1792027649,1792027643,6
1,000f1f12f2ff1f21,True,1996904038,1996904032,6
1,00011f2f212ffff1,True,2513958297,2513958291,6
1,00102ff1f21f2ff1,True,2184049932,2184049926,6
1,00002f2ff12f1ff2,True,2204094990,2204094984,6
1,01012f0ff11f2f2f,True,2828931138,2828931132,6
1,000112ffff122ff1,True,2080768037,2080768031,6
1,000f220ff12fff21,True,2870806511,2870806505,6
1,0001f21fff2f12f1,True,2498809895,2498809888,7
1,0001f21f122ffff1,True,2773202071,2773202064,7
1,00f0f2111ff2f21f,True,1971443147,1971443141,6
1,0010f2f1ffff2112,True,2243392300,2243392294,6
1,001f0f211f2fff21,True,2364068646,2364068640,6
1,001f0f211f21fff2,True,2701628988,2701628982,6
1,001f0f211f21ff2f,True,2617500108,2617500103,5
1,00120ff11f22ff1f,True,2227555381,2227555375,6
1,00000ffff12f3f21,True,2522933231,2522933225,6
1,00031f21fff10f1f,True,2428414700,2428414694,6
1,00011f2f2ffff211,True,2313159734,2313159728,6
1,01011f1f212ffff1,True,2520244430,2520244423,7
1,00102ff1ff1f212f,True,2163020299,2163020293,6
1,00102ff1f11f2ff2,True,2178441409,2178441403,6
1,00002f2ff212f1ff,True,2465750934,2465750928,6
1,00002f2ffff212f1,True,1817852607,1817852601,6
1,00f02f20f2fff112,True,2435088678,2435088672,6
1,00202ff012f2ff1f,True,2118571962,2118571956,6
1,0001ff211f1f0f3f,True,2639483938,2639483932,6
1,00020f2f0f13fff1,True,2663395498,2663395491,7
1,000312f1f1ff01ff,True,3341277884,3341277880,4
1,000f12f10fff02f3,True,2293500283,2293500277,6
1,000300ffff2f11f2,True,2261893653,2261893647,6
1,000f00ffff22113f,True,2967452317,2967452311,6
1,00f000fff1f21f23,True,2618763549,2618763543,6
1,000202ff11f2f2ff,True,2303851136,2303851129,7
1,002fffff0003022f,True,2732912223,2732912218,5
1,002200ffff2f211f,True,2783287020,2783287014,6
1,000f00f3ffff1212,True,2204642784,2204642778,6
1,000f00f312f2ff1f,True,2337555718,2337555713,5
1,00f000fff2f113f2,True,2679871718,2679871713,5
1,001f20f1f2ff211f,True,2412453839,2412453833,6
1,001f20f1f1ff22f1,True,1967231079,1967231073,6
1,00f1201ff2f112ff,True,2426847060,2426847054,6
1,000f202f121ff2ff,True,3382457510,3382457506,4
1,000f20f210fff3f1,True,2091402122,2091402116,6
1,001f012f2ff20f2f,True,2297874407,2297874401,6
1,001f02f1fff101f3,True,1967131566,1967131560,6
1,000202ff0ff1f1f3,True,2150093904,2150093898,6
1,000f00f32ff1f21f,True,2341033018,2341033013,5
1,001f01f2fff112f2,True,1809892796,1809892790,6
1,001f01f21ff2f2f1,True,1980094516,1980094510,6
1,001f01f221ffff12,True,2333854919,2333854913,6
1,00f1012ffff1122f,True,2028272705,2028272699,6
1,002101ff2ff1f1f2,True,2174909721,2174909715,6
1,001201fff2f11f2f,True,1916210649,1916210643,6
1,000f21f1f21f12ff,True,2668719821,2668719815,6
1,000121ffffff0131,True,2811301363,2811301357,6
1,00f002f2ff2f11f2,True,1907623062,1907623056,6
1,000f121f2fff21f1,True,2820041858,2820041852,6
1,000f121fff1f01f3,True,2751280977,2751280971,6
1,00000fff12f3f1f2,True,2151884384,2151884378,6
1,00012f1f0fff023f,True,2586259582,2586259576,6
2,001f003ff121ff2f,True,2900202029,2900202024,5
2,001f00ff3f211f2f,True,2048850043,2048850037,6
2,002f10f22ffff211,True,2051314644,2051314638,6
2,00ff2021f21f1f2f,True,2539275959,2539275954,5
2,00f1202ff2fff121,True,2288515026,2288515020,6
2,001030fff2ff12f1,True,2770463454,2770463448,6
2,0001f03ff2ff12f1,True,2886383543,2886383537,6
2,00f0f01f22ff1f13,True,2271151350,2271151344,6
2,002301f2ff1f0f1f,True,2617479079,2617479073,6
2,002f01f22ff1f21f,True,1846590588,1846590582,6
2,000301fff3f10ff1,True,2482030658,2482030652,6
2,00f211f1f2f21ff1,True,1983504909,1983504904,5
2,00f0f1f01fff2123,True,2215743462,2215743456,6
2,001202ff1ffff212,True,2573827163,2573827158,5
2,00220ff1f2ff121f,True,2508422413,2508422406,7
2,002f0f1222f1f1ff,True,2189568576,2189568569,7
2,00120f2f1fff22f1,True,2212132965,2212132959,6
2,000f0f3122ff1ff1,True,2456387372,2456387366,6
2,00010fff22131fff,True,2478740283,2478740278,5
2,00001ff30f2f03ff,True,2049254141,2049254135,6
2,003100fffff2f211,True,2401935116,2401935110,6
2,001f00ff3f21f2f1,True,2367806720,2367806714,6
2,001f00ff321fff21,True,2629107111,2629107105,6
2,001f00ffff312f21,True,2293201378,2293201373,5
2,000f10ffff22f131,True,2701216858,2701216852,6
2,101120fff2f21ff1,True,1815067502,1815067496,6
2,00f0f01f1f32f1f2,True,2604556174,2604556168,6
2,101ff0212fff121f,True,2047456992,2047456986,6
2,00ff2111fff221f1,True,2116777887,2116777881,6
2,0021f1f10fff13f1,True,1806021983,1806021977,6
2,0000f1ff0f331ff1,True,2164514706,2164514700,6
2,001f121f2f2ff1f1,True,2719914528,2719914522,6
2,00f1132101ffff1f,True,2538669939,2538669933,6
2,000f0f13fff2112f,True,2153224304,2153224299,5
2,00030f1ff2f20ff2,True,2519447447,2519447441,6
2,000f0f1f2f2222ff,True,2434522323,2434522317,6
2,00f00ff1f1f21f23,True,2245512572,2245512566,6
2,00131f21f1ff0ff1,True,2424119345,2424119339,6
2,00021f230ffff1f1,True,2480871730,2480871724,6
2,00021ff2121ff2ff,True,2365824932,2365824926,6
2,00001fff013fff31,True,2573350663,2573350658,5
2,00022f1f0f2f0ff3,True,2291478477,2291478471,6
2,00f1f02212ffff21,True,2213606183,2213606177,6
2,0001f0f3fff1212f,True,2308814796,2308814790,6
2,0001f0f31ff1f22f,True,2103326792,2103326787,5
2,0001f0ff12f2f31f,True,2143357178,2143357171,7
2,00f0f0f12f23f1f1,True,2244154655,2244154649,6
2,000f01ff3ff2f211,True,2726452625,2726452619,6
2,000f01ff3f212f1f,True,2188292307,2188292301,6
2,100f21f1ff1212ff,True,2049976001,2049975994,7
2,002f02f1f1f2ff12,True,2257754004,2257753998,6
2,000212ff031ffff1,True,2435370408,2435370402,6
2,000f22f11f1f2f2f,True,2388762102,2388762096,6
2,000f221ff1f12f2f,True,2344939285,2344939280,5
2,00f0221f2ff2f11f,True,2154210638,2154210632,6
2,001022ff1ff2f2f1,True,1948243594,1948243588,6
2,0003f2121fff0ff1,True,2340719658,2340719652,6
2,00f003f1f1ff2f12,True,1739080595,1739080589,6
2,00f10f22f2ff1f21,True,1990510262,1990510256,6
2,00210ff2f2f11f2f,True,1744528648,1744528642,6
2,00120ff22ff1f12f,True,2026809145,2026809139,6
2,00030ff1f2f2f1f1,True,2152190353,2152190347,6
2,00030ff1f2f11ff2,True,2111270680,2111270674,6
2,00010ff32fff1f12,True,1883147828,1883147822,6
2,000f0ff1322f1ff1,True,2491407378,2491407372,6
2,00010fffff21123f,True,2374976682,2374976676,6
2,000f0ff1ff213f21,True,2417440729,2417440723,6
2,01101ff22f1fff21,True,2040696489,2040696483,6
2,00012ff221ff2ff1,True,2238148917,2238148911,6
2,00f02f12f1ff22f1,True,1975370917,1975370911,6
2,00202f1f2ff2ff11,True,2369514396,2369514391,5
2,0001ff0fff0f2232,True,3153934805,3153934799,6
2,1011f0f2f12ff2f1,True,2745357234,2745357227,7
2,100ff022ffff1221,True,2073904918,2073904912,6
2,100ff00f2f2f131f,True,3156671609,3156671604,5
2,00f2111ff2f2ff11,True,2634671569,2634671563,6
2,001f112ffff1f212,True,2489656505,2489656499,6
2,000f21f2ff1f1f22,True,1976084470,1976084464,6
2,0011f1f2ff2f211f,True,2751796389,2751796383,6
2,0002f1f2f2121fff,True,2399592766,2399592759,7
2,0000f1ff2f31f1f2,True,1966944774,1966944769,5
2,0000f1ffff2f1213,True,2628838791,2628838785,6
2,000ff10f1f322ff1,True,2175561470,2175561464,6
2,00f112f1ff121f2f,True,1731657332,1731657327,5
2,001112ffff22f1f1,True,2345938790,2345938784,6
2,0001f2f2f12fff12,True,2760018677,2760018672,5
2,001003ff2ff12f1f,True,2074656329,2074656323,6
2,00010fff0f223f2f,True,2233151228,2233151222,6
2,00100ffff2f22f22,True,2167406605,2167406599,6
2,00211f1ff1ff2f21,True,1893970358,1893970351,7
2,00f01f222ffff112,True,2072953253,2072953248,5
2,00001fffff31122f,True,2112340560,2112340554,6
2,020f2f01f21ff12f,True,2683335430,2683335423,7
2,0010fff01ff3212f,True,2249820693,2249820687,6
2,0010fff01f12f2f3,True,2380237009,2380237003,6
2,0010fff0f2131f2f,True,2073488258,2073488252,6
2,1012f0f1f01ff3f1,True,2737427785,2737427779,6
2,1331f0fff001f00f,True,2951417875,2951417870,5
2,000f21f2fff12f12,True,2089147542,2089147535,7
2,000031ff1ff2ff12,True,2074609161,2074609155,6
2,001ff121f21ff2f1,True,2897533568,2897533562,6
2,0021f1f1f21ff2f1,True,2906047816,2906047810,6
2,0012f1f12ff12f1f,True,2272555009,2272555003,6
2,001ff1211f12fff2,True,2790349859,2790349853,6
2,0000f1ff132fff12,True,2466767321,2466767315,6
2,000ff10fff22222f,True,2682113278,2682113272,6
2,00f0122fff1f2f21,True,2206279578,2206279572,6
2,000ff21212ffff21,True,2010408274,2010408267,7
2,010ff2111f2f2f1f,True,2873559345,2873559340,5
2,000103fff121fff2,True,2283359851,2283359846,5
2,000013fff2ff2f20,True,3078362401,3078362396,5
2,000f23120f1ffff1,True,2877963683,2877963677,6
2,000f0f13ff212f1f,True,2289480011,2289480005,6
2,00010ffffff22311,True,2411840888,2411840882,6
2,00010ffff21ff312,True,2768811581,2768811575,6
2,00021f2fffff2211,True,2212806121,2212806115,6
2,00201ff2f122fff1,True,2513542147,2513542140,7
2,000f1f0f221fff31,True,2619002328,2619002322,6
2,00202f1fff2f21f1,True,2099499522,2099499516,6
2,00102f2f21f2ff1f,True,2133817065,2133817058,7
2,10012f1fff2112ff,True,1819675257,1819675251,6
2,121f3100f1f01fff,True,2931010845,2931010839,6
2,00010ff3f121ff2f,True,2835557742,2835557736,6
2,00311f120ff1ff1f,True,2889450556,2889450551,5
2,0002ff21002ffff3,True,3019394160,3019394155,5
2,000f013f2fff00f3,True,2699282960,2699282954,6
2,001f00ff3fff0023,True,2821710896,2821710890,6
2,000f10fff22f113f,True,3307409195,3307409191,4
2,000f01fff12f123f,True,3295475679,3295475674,5
2,00030f31f1ff01ff,True,3039749413,3039749408,5
2,000f0f1f113f22ff,True,3378376364,3378376361,3
2,001300fff12f2f1f,True,2498911190,2498911184,6
2,001f00fff21213ff,True,2864577034,2864577029,5
2,00f100ffff21213f,True,2349162455,2349162449,6
2,101f20f1f12f12ff,True,2493113114,2493113108,6
2,000f013ff1f21ff2,True,2279949934,2279949929,5
2,000f212f0ff30f2f,True,2230739957,2230739952,5
2,001202ff12fff2f1,True,2831439450,2831439445,5
2,00021ff2f2ff00f3,True,2161281559,2161281553,6
2,001f00ff30f1f31f,True,2319282421,2319282415,6
2,000f103f2f1f1f2f,True,3024847332,3024847327,5
2,000310ff21ffff12,True,2550265602,2550265597,5
2,000f10ff312ff2f1,True,2888910299,2888910293,6
2,0003f0f1f0ff22f2,True,2063134046,2063134040,6
2,00f0f013212f1fff,True,2994036992,2994036985,7
2,00f0f0f11123f2ff,True,2526703666,2526703660,6
2,000f01ff2ff11f32,True,2595212669,2595212663,6
2,000221fffff1013f,True,1878113042,1878113036,6
2,0003f2121fff01ff,True,3034570848,3034570843,5
2,00010ff302ff2f2f,True,2046039800,2046039794,6
2,00010fff13f212ff,True,2171414137,2171414131,6
2,00010fff1f3221ff,True,2025748448,2025748442,6
2,00010fff0fff2223,True,2610869904,2610869899,5
2,002f20f2ffff1211,True,1843598247,1843598241,6
2,000311ffffff1211,True,2713419257,2713419251,6
2,001221ff1f2ff1f1,True,1972822695,1972822690,5
2,0001f13f2f1f02ff,True,2663292541,2663292534,7
2,000f02f32ff1f1f1,True,1923881896,1923881890,6
2,000f02fff21f13f1,True,2906367928,2906367922,6
2,000f02ff23f11ff1,True,2708466198,2708466193,5
2,000f02fff13f2f11,True,2924986886,2924986880,6
2,0012f2f11fff022f,True,2260520566,2260520560,6
2,000203ff1ff20ff2,True,2431090740,2431090734,6
2,002f1f12ff1f003f,True,2768052733,2768052728,5
2,000f1ff112ff31f1,True,2369190643,2369190637,6
2,00011ffff13112ff,True,2187841519,2187841513,6
2,000f1ff1f2ff0213,True,2241854435,2241854429,6
2,00011fff0fff0331,True,2736173626,2736173620,6
2,00212f1f12ff0f2f,True,2710409607,2710409601,6
2,00022f2f12ff0f2f,True,2763467789,2763467783,6
2,0101ff0ff12f3f11,True,2378997925,2378997919,6
2,02f2ff1f002f12f1,True,1865505931,1865505925,6
2,00f0f02ff3f2111f,True,2682406262,2682406256,6
2,00f0f0f2ff2f1131,True,2650837378,2650837372,6
2,0012f1f21f2f0f2f,True,2333875303,2333875296,7
2,012012fff1f11ff2,True,1786450968,1786450962,6
2,000ff22221ff1ff1,True,2476782396,2476782389,7
2,11f1f2ff112ff002,True,2723508056,2723508051,5
2,000203ff1f21f1ff,True,2040574375,2040574369,6
2,00030ff21ff21ff1,True,2550679228,2550679223,5
2,00030ff211f1ff2f,True,2138580275,2138580270,5
2,00030f2f0ff1f22f,True,2123517351,2123517345,6
2,00020f3f0f2f2f1f,True,2569215593,2569215587,6
2,000f0f2f1ff1f132,True,2103114301,2103114295,6
2,000f0ff2ff2102f3,True,2789132445,2789132439,6
2,00031ff11ff20ff2,True,2510035810,2510035805,5
2,00011fff012f3f2f,True,2735487514,2735487508,6
2,000f1ff11ff2032f,True,2642513517,2642513511,6
2,00101fff22f21ff2,True,2156975091,2156975085,6
2,00101fff21f22ff2,True,2292152187,2292152181,6
2,00f12f1212f1f1ff,True,2060830456,2060830450,6
2,00022f2f0ff103ff,True,2319704553,2319704547,6
2,0001fff131f1ff21,True,2016251367,2016251362,5
2,010fff01f2222ff1,True,2139071537,2139071530,7
2,00f1f01312ffff11,True,2296903062,2296903056,6
2,000f11ffff1f1321,True,2714499598,2714499591,7
2,00f011ff3ff21f11,True,2100204140,2100204134,6
2,000f31f10fff2f12,True,2025663427,2025663421,6
2,0021f1f22ff10f2f,True,1847793952,1847793946,6
2,000ff1310ff2f21f,True,2569040265,2569040259,6
2,000ff1f10f13f2f2,True,2620493768,2620493762,6
2,000ff1f10ff12f32,True,2157885942,2157885936,6
2,00f0023ffff2f111,True,2432672682,2432672676,6
2,01f112f1fff112f1,True,1828435736,1828435730,6
2,100f221fff2111ff,True,2410374647,2410374642,5
2,100122ffff1211ff,True,2253847518,2253847512,6
2,010ff212f1ff12f1,True,2180025593,2180025587,6
2,000f03f221f1ff1f,True,2278615478,2278615472,6
2,001013fff1f11ff2,True,1890616917,1890616911,6
2,001f0ff1f1f1f213,True,2504229378,2504229372,6
2,00020fffff1f2131,True,2234512115,2234512109,6
2,00031ff1fff102f2,True,2268938247,2268938241,6
2,000f1f1ff12f13f1,True,2752047968,2752047963,5
2,00011ffffff11123,True,2322987968,2322987961,7
2,00101fffff1211f3,True,1738836419,1738836414,5
2,01211f1fff2f012f,True,2552126389,2552126383,6
2,00002fff2ff1f320,True,2477114780,2477114774,6
2,0001fff112f30ff2,True,2068303708,2068303701,7
2,0010fff12ff2f221,True,2261822254,2261822248,6
2,001221ffff1f1f21,True,2093666052,2093666046,6
2,020121ff1f1ff2f1,True,1995951831,1995951824,7
2,020121ff1ff1f21f,True,1779313399,1779313393,6
2,000ff1f12ff1131f,True,1908495991,1908495985,6
2,0010f1ff1f1f32f1,True,2187891988,2187891982,6
2,1002f12ffff211f1,True,2450631018,2450631012,6
2,0121f1f11f1ff1f2,True,2163471213,2163471207,6
2,0021f2f11f21ff1f,True,2185251230,2185251224,6
2,00f0f2221f1fff21,True,2288826805,2288826798,7
2,0000f23f1f1fff21,True,2332785591,2332785585,6
2,000ff20fff321f11,True,2895456436,2895456431,5
2,0001f3f103f10fff,True,2643130431,2643130425,6
2,01111ff2f12fff11,True,2270901008,2270901002,6
2,01021f2ff1f2ff11,True,2323806383,2323806377,6
2,01f01f22f11fff21,True,2403991467,2403991461,6
2,010f1f0fff2f3111,True,2636763119,2636763113,6
2,001f2f12ff1f1f21,True,1802478668,1802478662,6
2,00002fff1f12f3f1,True,1881592400,1881592394,6
2,00103ff1f2fff111,True,2147058889,2147058883,6
2,0021ff12f2f102ff,True,2534070591,2534070584,7
2,0010fff111f32ff1,True,2005353376,2005353370,6
2,0010fff11f13f2f1,True,2449518518,2449518511,7
2,0001f1f31f2fff11,True,2122432933,2122432927,6
2,000ff1f10312fff2,True,2732802521,2732802515,6
2,0001f1ff31f1ff21,True,2144328593,2144328587,6
2,1021f11ff2ff1f11,True,2790198572,2790198565,7
2,00f0f2f0f1ff2311,True,2505612613,2505612607,6
2,00f0f2f0ff1f2222,True,2627591157,2627591151,6
2,00f02f22fff1211f,True,1976054373,1976054367,6
2,00002ffff222f12f,True,2771235394,2771235388,6
2,00002ffff21f2f30,True,2438346551,2438346545,6
2,0001ff311ff11ff2,True,2563328539,2563328533,6
2,0010fff1221f2f2f,True,2332003514,2332003508,6
2,0101ff0f120f2f3f,True,2694862324,2694862317,7
2,01f0ffff2f221111,True,2168930887,2168930881,6
2,0f01ffff222f1111,True,2432971789,2432971783,6
2,00121f2f0ff2ff21,True,2826960029,2826960023,6
2,00031ff1ff1f0f22,True,2164832323,2164832317,6
2,000f1ff10f23ff12,True,2532615282,2532615276,6
2,00002ffff1ff3300,True,3178434881,3178434876,5
2,002f00f3ff2f02f1,True,2005977974,2005977968,6
2,001f01fff3ff0122,True,2994866823,2994866817,6
2,000f023f12f1f1ff,True,2529888227,2529888220,7
2,000302ff11f12fff,True,2547876455,2547876449,6
2,002f12f101f2f2ff,True,2365402401,2365402395,6
2,000f1f1f03ff013f,True,2945271994,2945271989,5
2,000f1f1f0f3f01f3,True,2397459370,2397459364,6
2,00ff10f1f0ff2321,True,2281883274,2281883268,6
2,001f01ff22f1f2f2,True,2454906209,2454906203,6
2,001f01ff31f11f2f,True,2270841347,2270841341,6
2,00f011ff22f21ff2,True,2389764529,2389764522,7
2,00f221f102ff2f1f,True,2326995436,2326995430,6
2,000ff02f20f123ff,True,2544742154,2544742149,5
2,000ff0f2f2f3111f,True,2456861579,2456861573,6
2,00f011fff2f122f2,True,2235030089,2235030083,6
2,00f1212ffff2012f,True,1784875382,1784875377,5
2,000ff1f10ff2123f,True,2327270220,2327270215,5
2,000ff1f1f12f02f3,True,2419825827,2419825821,6
2,000f023ffff102f2,True,2229968979,2229968973,6
2,000f02ff1121f3ff,True,2966486634,2966486629,5
2,000f02ff3ff1022f,True,2989742850,2989742844,6
2,000f02ff1f12f1f3,True,2269585436,2269585430,6
2,00f1221f11f12fff,True,2882167643,2882167638,5
2,00030f2f2fff11f1,True,2460908746,2460908740,6
2,00020fff1fff1231,True,2488881790,2488881784,6
2,00031ff112ff0ff2,True,2270526241,2270526235,6
2,00031f1f2fff01f2,True,2401359270,2401359264,6
2,00011ffff2f301f2,True,2044765412,2044765407,5
2,003fff1f00220f2f,True,2737483278,2737483272,6
2,00f120ff1221fff2,True,2504876538,2504876533,5
2,00f2f01ff1f222f1,True,2172314996,2172314989,7
2,0021f0ff22fff121,True,2913232284,2913232278,6
2,01f2f12102ff1ff1,True,2142143912,2142143906,6
2,00ff1222fff1111f,True,2149653529,2149653523,6
2,000f12f30ff12f1f,True,2191412745,2191412739,6
2,00012fff013ff2f1,True,2352710437,2352710431,6
2,000f2ff1f21f01f3,True,2454429869,2454429862,7
2,01f12f1201f21fff,True,2624399986,2624399981,5
2,01212ff1f1ff01f2,True,1944621503,1944621497,6
2,0023ff2ff1f100f1,True,2553951335,2553951329,6
2,012ffff1012f12f1,True,1916931237,1916931231,6
2,0021f0ff13fff111,True,3140127825,3140127820,5
2,10f1f01f10f2f3f1,True,2047712332,2047712326,6
2,100ff0f210f1f3f2,True,2048829494,2048829488,6
2,000f21ff1ff2f212,True,2760966152,2760966146,6
2,00f1f1f12ff121f2,True,1729350901,1729350895,6
2,0011f1ff22ff1f12,True,2697170233,2697170227,6
2,00f1f1f10121ff3f,True,2746282403,2746282398,5
2,000ff1f2f2ff2121,True,2474407798,2474407792,6
2,000ff1f203f1f1f2,True,2369803325,2369803320,5
2,00f1131f1fff0f12,True,2102460138,2102460132,6
2,000f13f20f1ff1f2,True,2047261716,2047261710,6
2,001f0ff231f11f1f,True,1963822492,1963822487,5
2,00120ffff2f1031f,True,2020293505,2020293499,6
2,002f0ff1f2f10f31,True,2209748563,2209748557,6
2,00ff1f1121f2f2f1,True,2270288197,2270288191,6
2,00111fff2f1f122f,True,2326827204,2326827197,7
2,001f1ff103ff1f12,True,2137378987,2137378981,6
2,001f1ff1ff1201f3,True,1913983576,1913983570,6
2,00f11f1fff21013f,True,1966779340,1966779334,6
2,00021ffff1f103f2,True,2002865051,2002865045,6
2,00212ff20003ffff,True,3013941180,3013941175,5
2,00012ff30f2f0ff2,True,2026663831,2026663824,7
2,000f2f1f0032ff2f,True,2634364975,2634364969,6
2,0002fff122ff11f2,True,1962042161,1962042155,6
2,000fff21012ff1f3,True,2547773211,2547773206,5
2,000fff2102f30ff2,True,2502392143,2502392137,6
2,00f2f0f1f11f2f22,True,2285336483,2285336478,5
2,00f1f1f12ff10f13,True,1919563719,1919563714,5
2,000f123f0f1fff21,True,2543166500,2543166495,5
2,00f113f10f1ff2f1,True,2027725768,2027725762,6
2,0002f3f11ff102ff,True,2301369464,2301369458,6
2,001f0f2f2f21f12f,True,2490040802,2490040796,6
2,001f0f2f21f2ff21,True,1955096318,1955096313,5
2,00120fff2121ff2f,True,2321221318,2321221312,6
2,00120fff2112ff2f,True,2575161130,2575161124,6
2,00311ff102f1fff1,True,2518815097,2518815091,6
2,010f1f1ff22f211f,True,3152870751,3152870747,4
2,000f2f1ff2f212f1,True,2442077756,2442077750,6
2,00102fff1f2f22f1,True,2240108599,2240108593,6
2,00f02ff1f222ff11,True,2365201953,2365201947,6
2,0002ff1fff1203f1,True,2931123873,2931123867,6
2,01ffff21012f1f12,True,2410092308,2410092302,6
2,0f0fff0f1222f121,True,3175164534,3175164529,5
2,0002f1ff2f1f1f22,True,2073806689,2073806683,6
2,0001f2ff0213fff1,True,2469557383,2469557377,6
2,00021fff2f2ff121,True,2134037973,2134037967,6
2,00021fffff212f21,True,1676292327,1676292322,5
2,000f2ff1ff1f0213,True,2306917720,2306917714,6
2,000f3f120fff0f22,True,2172459442,2172459436,6
2,00f0ff12122ff1f2,True,2272627588,2272627581,7
2,100ff1f1ff2f2211,True,2366093616,2366093611,5
2,0001f2ff221fff21,True,2363164528,2363164521,7
2,00021ffff211f2f2,True,2123371038,2123371032,6
2,010f1f1fff2221f1,True,2089594699,2089594694,5
2,01011fff2ff21f21,True,1608200133,1608200127,6
2,0001ff23f1f11f1f,True,2261075676,2261075670,6
2,0002ff1f21fff212,True,2245275108,2245275102,6
2,0002ff1f122f2ff1,True,2233316498,2233316492,6
2,0001ff2ff1ff2212,True,2500406523,2500406517,6
2,0002fff101fff321,True,2280662819,2280662813,6
2,000fff21f3f1012f,True,2450343085,2450343079,6
2,000fff211f1ff131,True,2185290340,2185290334,6
2,1111ffff21121f0f,True,2278643815,2278643808,7
2,00021f3ffff10f12,True,2314506716,2314506710,6
2,000312ff012f1fff,True,3182808863,3182808858,5
2,000f1ff212ff01f3,True,2392103127,2392103122,5
2,002f10fff01f132f,True,3117245458,3117245453,5
2,001f20fff02113ff,True,2700968421,2700968415,6
2,0031f1f101f2f1ff,True,2858048373,2858048368,5
2,000f12ff12f2f1f2,True,2806539406,2806539400,6
2,00031f2f1fff012f,True,2541200764,2541200757,7
2,00021fff022f0ff3,True,2373515703,2373515697,6
2,110fff012f12ff21,True,2112196380,2112196375,5
2,00ff10f2f2211ff2,True,2708390026,2708390020,6
2,000f21ff122f2ff1,True,2708811325,2708811319,6
2,00210ffff2f202f2,True,2049163531,2049163526,5
2,00131ff10fff21f1,True,1855790863,1855790857,6
2,00021fff02f1f13f,True,2082033535,2082033529,6
2,00021fff01f1f2f3,True,1833508463,1833508457,6
2,000f1ff2f21f013f,True,2464611341,2464611335,6
2,000ff03f1ff1221f,True,2217081882,2217081875,7
2,10f1f02f12fff121,True,1836843354,1836843348,6
2,002f11ff2f2f1f11,True,2471890240,2471890234,6
2,001ff1f21f1f212f,True,2210999584,2210999578,6
2,0021f1ff21f21ff1,True,1694570517,1694570511,6
2,0012f1ff12f1f1f2,True,1945235682,1945235676,6
2,00f2f1f10013fff2,True,2954722412,2954722406,6
2,002ff1fff2f11112,True,2813293618,2813293612,6
2,112ff2f1101ff02f,True,2599390972,2599390966,6
2,000f0f3f22f1f11f,True,2255964908,2255964902,6
2,00030fff21f12f1f,True,2094443897,2094443891,6
2,000f0f3f1f1f03f1,True,2348243789,2348243783,6
2,00f21ff11f1f21f2,True,2032824500,2032824494,6
2,00f11ff21ff121f2,True,2052113785,2052113779,6
2,00211ffff22f111f,True,2430233853,2430233847,6
2,001f1ff202f22ff1,True,2121711038,2121711032,6
2,00f11f2f0023fff1,True,2645846442,2645846436,6
2,0013ff211fff002f,True,2093235580,2093235574,6
2,0012ff1f003f1f2f,True,2709369597,2709369590,7
2,0021fff10f2f01f3,True,2366736435,2366736429,6
2,001fff211ff200f3,True,2592264076,2592264070,6
2,001fff121fff0032,True,1939604377,1939604371,6
2,00f3ff2100f2f1f1,True,2756558682,2756558676,6
2,0021ffff00321f1f,True,2202907314,2202907308,6
2,10fff01221fff211,True,2457303252,2457303246,6
2,00fff1121fff2211,True,2239148297,2239148291,6
2,100ff1f2f22f11f1,True,2203230103,2203230097,6
2,000f22ffff2f1121,True,2752269078,2752269071,7
2,00f1f2f11fff2121,True,1445027432,1445027426,6
2,0012f3f101ff1ff1,True,2587947500,2587947494,6
2,00311ff20f1f1f1f,True,2192886216,2192886211,5
2,00211ff30f1f1ff1,True,2049273530,2049273524,6
2,00231ff1ff1f01f1,True,1720849015,1720849010,5
2,00202ffff1ff1212,True,2485337932,2485337925,7
2,0021fff1021f03ff,True,2525837919,2525837913,6
2,00f1ff21013ff1f1,True,2515988765,2515988759,6
2,001fff2101f1f1f3,True,2371198124,2371198118,6
2,0013ff2f01f11f1f,True,2263890544,2263890538,6
2,003fff2102f10f1f,True,2418257001,2418256995,6
2,002ffff112f112f1,True,1879939868,1879939863,5
2,00f1f12fff2102f2,True,2393307113,2393307107,6
2,001ff2f10ff11f31,True,1953394034,1953394028,6
2,000ff2f2ff1f0131,True,2386918780,2386918774,6
2,000f0ff3fff12112,True,2822964656,2822964651,5
2,00f21f1f1ff2f121,True,1759121956,1759121950,6
2,002f1f1f1f2f1f21,True,2361899864,2361899858,6
2,002f1ff1f2120ff2,True,2421202973,2421202967,6
2,00f02ff2121f2ff1,True,2108658215,2108658209,6
2,001fff21f2ff0122,True,2398816415,2398816409,6
2,002ffff12f21012f,True,1900790155,1900790149,6
2,010fff122ff1f112,True,2048534335,2048534329,6
2,011ffff111ff2211,True,1968399941,1968399935,6
2,0f0fff1221f11f12,True,1935647041,1935647035,6
2,000ff22ffff11122,True,2690958990,2690958985,5
2,002f1ff11f1f2f12,True,1877473648,1877473642,6
2,001fff212ff202f1,True,1724613449,1724613443,6
2,0002ff2ffff22111,True,2882565132,2882565127,5
2,00f0ff222f1f1f21,True,2054315224,2054315218,6
2,002ffff121121ff1,True,2079614878,2079614872,6
2,0012ffff111f2f21,True,1991611527,1991611521,6
2,101ff1f1122fff11,True,2247982813,2247982808,5
2,0011f2ff21f2ff11,True,1794541157,1794541151,6
2,02f1f2120ff11ff1,True,2776593808,2776593802,6
2,0000f3fff21121ff,True,2881585472,2881585465,7
2,01201ffff11f2f21,True,2015488024,2015488019,5
2,00f02ff2ff2f2111,True,1974457994,1974457989,5
2,0021ff1f0ff2f212,True,2597091170,2597091164,6
2,001fff21ff2f0221,True,3260296495,3260296489,6
2,00f2ff1f2f210f12,True,1851708235,1851708229,6
2,1011fffff1f11212,True,1974481029,1974481023,6
2,121fff21111ff0f1,True,1868764277,1868764271,6
2,0032fff100f300ff,True,2708753876,2708753871,5
2,0031ff2f003f00ff,True,3158518405,3158518400,5
2,003f2ff112f100ff,True,2413149611,2413149605,6
2,00f2f1f121ff02f2,True,1973432915,1973432910,5
2,001ff12f00321fff,True,2938269167,2938269161,6
2,002ff1ff003f1f12,True,2521855397,2521855391,6
2,002f1f1f0032f1ff,True,2647449950,2647449944,6
2,0032f1ff01f11ff1,True,1955973382,1955973376,6
2,00f2f1fff1f10131,True,2548046805,2548046800,5
2,00f112ff0023ff1f,True,2550353610,2550353603,7
2,001f12ff00f2ff31,True,2337793458,2337793452,6
2,002f1fff00222f2f,True,2588231823,2588231817,6
2,00f12ff100321fff,True,2629274616,2629274610,6
2,0021ff1f00f312ff,True,2318544406,2318544400,6
2,002f1f1f02f2f1f2,True,2329090700,2329090694,6
2,001f1f2f01f22ff2,True,2365795608,2365795602,6
2,01f22f1200f2f1ff,True,2297766362,2297766356,6
2,01f1fff100f312f1,True,1920302087,1920302081,6
2,00fff02f22f11f12,True,2311798039,2311798033,6
2,0121f1ff1ff202f1,True,1584007748,1584007742,6
2,02f2f1f1012f1f1f,True,2192496611,2192496605,6
2,00f2f2f101f12f2f,True,1946476064,1946476058,6
2,012f2ff1012ff1f1,True,1967058824,1967058817,7
2,001ffff10f2201f3,True,2253093246,2253093240,6
2,000ffff201220ff3,True,2933112666,2933112661,5
2,01f1ff2121ff01f2,True,1838700616,1838700610,6
2,001ff1ff12212f1f,True,2221147120,2221147114,6
2,00f122ff1112fff1,True,2615409634,2615409628,6
2,00f1f22f11f12f1f,True,1889898505,1889898499,6
2,002ff2f10ff20f22,True,2217979651,2217979646,5
2,01211ffff1f121f1,True,1720194389,1720194383,6
2,0011ffff22f111f2,True,1965704880,1965704874,6
2,0011ffff122121ff,True,2423362021,2423362015,6
2,0011ffff211212ff,True,2578320929,2578320922,7
2,001ffff100212f3f,True,2127085070,2127085064,6
2,001fff1f00312f2f,True,2558291187,2558291181,6
2,0002ffff023f0f12,True,2323693907,2323693901,6
2,00f2f2f11f2f0f12,True,1864784351,1864784345,6
2,1011f2ff11fff211,True,2820803847,2820803842,5
2,00f21f2ff1f11f21,True,1784547064,1784547058,6
2,00f21ff20212ff1f,True,2091181824,2091181819,5
2,00f21f2f0f12f2f1,True,2170595524,2170595518,6
2,00031fff1f121ff1,True,2101436045,2101436039,6
2,000f2ffff121221f,True,2585355336,2585355330,6
2,0003ff1f02f11f2f,True,2150741235,2150741229,6
2,00f1f2f2f1211f1f,True,2036656296,2036656290,6
2,0f0ff20f2121f21f,True,2880863670,2880863664,6
2,01f12f1f0f121f2f,True,2179046449,2179046443,6
2,0020fffff12f1212,True,2317953803,2317953797,6
2,01f1ff210ff112f2,True,1894326393,1894326388,5
2,12fff120f1201f1f,True,2311813936,2311813929,7
2,1011f2ff1111fff2,True,2590350054,2590350047,7
2,1111f2fff12ff002,True,2775932923,2775932917,6
2,000ff3f10ff21f21,True,2072440193,2072440187,6
2,111f2ff1f11ff021,True,2084272637,2084272632,5
2,0021fff21121ff1f,True,2651654913,2651654907,6
2,0011ffff1ff22211,True,2111840911,2111840906,5
2,1002ff2f11ff2f11,True,2352564635,2352564629,6
2,0101fffff11f2221,True,2463512373,2463512367,6
2,00ff12f2003f1f1f,True,2483066430,2483066424,6
2,000f1f3f01f221ff,True,2516071753,2516071747,6
2,01f2f1f201f121ff,True,2167378162,2167378157,5
2,0003f3f102ff00ff,True,3194744548,3194744543,5
2,0003f1ff012f1f2f,True,2550095093,2550095087,6
2,0031f1ff1fff0121,True,2594275321,2594275315,6
2,00f1f1ff22f1112f,True,1987771984,1987771978,6
2,00ff21f20f211ff2,True,2339189915,2339189909,6
2,00f2f12f2ff1012f,True,1860384253,1860384247,6
2,000f1ff301f1f2f2,True,2154104082,2154104076,6
2,00ff1ff10213f1f1,True,2859383787,2859383781,6
2,01f12f2f0003f1ff,True,2481231674,2481231668,6
2,002fff2101f221ff,True,2446148585,2446148580,5
2,0031fff101f121ff,True,2313246468,2313246462,6
2,100ff0ff21ff1311,True,3193653329,3193653324,5
2,000ff1ff131121ff,True,2714766113,2714766108,5
2,000f1fff321f11f1,True,2579239528,2579239521,7
2,001200022ff3ffff,True,3120883780,3120883775,5
2,0001000ff3f3f2ff,True,2651847185,2651847179,6
2,000f1fff01f23f12,True,2875576902,2875576896,6
2,0f0fff01210f2f31,True,2847921299,2847921293,6
2,00001003fffff2f3,True,2258005765,2258005759,6
2,00000122f3fff2ff,True,3538835012,3538835009,3
2,00200012f3ffff2f,True,2791126668,2791126662,6
2,001f0fff2f21f212,True,2160110399,2160110393,6
2,00f0fff112f2f122,True,2266026437,2266026432,5
2,0000100fffff33f2,True,2810790602,2810790596,6
2,00100121fffff32f,True,2491991319,2491991313,6
2,00001121fff2ff3f,True,3061886227,3061886221,6
2,000ff1ff003203ff,True,2782486408,2782486403,5
2,000f1fff01f30f13,True,2910287323,2910287317,6
2,00fff0f1f0f21213,True,2685910941,2685910935,6
2,00f0f1ff12ff2122,True,3259337112,3259337107,5
2,000f1fff03f202f2,True,2763950908,2763950902,6
2,001f0fff3f2f0022,True,2486544188,2486544181,7
2,000200221ffffff3,True,2887289422,2887289417,5
2,0000101fffff1f33,True,2275414558,2275414552,6
2,00f0f0ff2f1213f1,True,2485704589,2485704583,6
2,00000032ffff3f1f,True,2233366505,2233366499,6
2,0001001ffff1f3f3,True,2304679736,2304679730,6
2,00011202fff1ff3f,True,3026104993,3026104987,6
2,001001f0ff3f3ff1,True,2120379769,2120379764,5
2,00000f11f3ff1ff3,True,2041637008,2041637002,6
2,0000002f1fff0f4f,True,2772092225,2772092220,5
2,000ff0fff22311f1,True,2604490231,2604490224,7
2,000f0fff1f23121f,True,2680818033,2680818027,6
2,00010131ffff0f3f,True,2517743207,2517743201,6
2,000101f1f2ff2ff3,True,1864339064,1864339058,6
2,0002010f2f3ff2ff,True,2919027328,2919027322,6
2,000100f2ffff232f,True,2315620547,2315620541,6
2,001f00022fffff23,True,2102124283,2102124277,6
2,001011f0f2f32fff,True,2473555269,2473555263,6
2,00001f02ff2f3f2f,True,2316356558,2316356551,7
2,000101f132ffff2f,True,2623413056,2623413050,6
2,000f0102ff3f2ff2,True,1867212154,1867212148,6
2,0020001ffff2f32f,True,2495882214,2495882208,6
2,0000021f3ff2f2ff,True,2063029179,2063029173,6
2,00000f120ff33fff,True,2715002498,2715002492,6
2,00001f02f23fff2f,True,2675876432,2675876426,6
2,002010f0fffff322,True,2413069743,2413069737,6
2,0001020fff2fff23,True,3352930779,3352930774,5
2,00000f21f2f2f3ff,True,2838519209,2838519204,5
2,0020001ffff3ff22,True,3010746808,3010746803,5
2,00120003ffff0ff3,True,3047741707,3047741702,5
2,000200f1f2ff2f3f,True,2412783400,2412783394,6
2,001000f222fffff3,True,2709501111,2709501105,6
2,00130021fff21fff,True,2970382670,2970382664,6
2,001100f2f3ff1f2f,True,2541099668,2541099662,6
2,001200f1ff321fff,True,2775865650,2775865644,6
2,001100f21f3fff2f,True,2651371836,2651371830,6
2,0011002ff1ffff23,True,2466350374,2466350368,6
2,0000003fff321fff,True,2644456488,2644456482,6
2,000f000f3f2ff13f,True,3190459232,3190459227,5
2,0000112fffff123f,True,2600126325,2600126320,5
2,00f00211fff321ff,True,2343504000,2343503994,6
2,00f00211f1ff2ff3,True,2114082213,2114082207,6
2,00220022fff1f2ff,True,2388356907,2388356901,6
2,0002002f2f1ffff3,True,2243763930,2243763923,7
2,0002002f2f3fff1f,True,2706398523,2706398518,5
2,000000f3f3f12fff,True,2283087760,2283087754,6
2,0000003ff231ffff,True,3404462141,3404462137,4
2,000000ff2ff3ff31,True,2260966425,2260966419,6
2,000f1021f3ff1f2f,True,2370766334,2370766328,6
2,000110f2f3ff1f2f,True,2522948180,2522948174,6
2,00f01021ff321fff,True,3036080488,3036080483,5
2,000101231ffffff2,True,2938492623,2938492617,6
2,000101f2ff3f1f2f,True,2293234589,2293234583,6
2,000012f123fff1ff,True,3107763431,3107763426,5
2,001020f1ffff1f23,True,1855519508,1855519502,6
2,0002200fff3f1ff2,True,2081085145,2081085139,6
2,00f011113ff21fff,True,2935869936,2935869931,5
2,0001021ff1ff3f2f,True,2726832499,2726832493,6
2,000000fff31fff23,True,2896002846,2896002840,6
2,000f000ff3f1ff23,True,2677609622,2677609616,6
2,0001210fff3ff12f,True,2910545023,2910545017,6
2,00010231fff12fff,True,2942366543,2942366537,6
2,000102f12fffff13,True,2067455140,2067455134,6
2,0000022ff2f1f3ff,True,2802146297,2802146291,6
2,00001f122f3ffff1,True,2356156879,2356156874,5
2,001010f2fff1f3f2,True,2252399860,2252399854,6
2,0000112ffff2f3f1,True,2064437430,2064437424,6
2,0002020fff1fff32,True,3216010276,3216010271,5
2,00011222fffff2f1,True,2193328311,2193328305,6
2,0000121f2ffff3f1,True,2729345117,2729345112,5
2,000003222f1fffff,True,3221670904,3221670902,2
2,00100f21ffff2f31,True,2352442135,2352442129,6
2,00030121ff1fff2f,True,3554732295,3554732292,3
2,00020131fff1fff2,True,3445013426,3445013423,3
2,00000033fff2ff1f,True,3068980097,3068980093,4
2,000000ff12ff0f4f,True,2926718474,2926718469,5
2,0002002f23fff1ff,True,3240131911,3240131906,5
2,000101f213fff2ff,True,3080332400,3080332395,5
2,0010012ff2ff1ff3,True,2477169335,2477169329,6
2,00320021fff11fff,True,2967732456,2967732451,5
2,00310022f1ffff1f,True,2708345251,2708345245,6
2,001200f2fff131ff,True,2215268021,2215268015,6
2,0012002f1ff1f3ff,True,2275095424,2275095419,5
2,00f10003ffff13f1,True,1838101900,1838101894,6
2,000f00f133fff11f,True,2340101853,2340101847,6
2,000f001ffff11f33,True,2191139328,2191139322,6
2,00f000f1ff331f1f,True,2328614953,2328614947,6
2,000201f20f32ffff,True,3235393896,3235393892,4
2,000f001fff222f3f,True,2599842193,2599842186,7
2,000010fff13fff13,True,2534058641,2534058635,6
2,000f100ff33ff11f,True,3204595852,3204595848,4
2,00f020212ffff2f2,True,1975463063,1975463057,6
2,002001f2ff1f13ff,True,2326294428,2326294422,6
2,000001f3f3ff1f1f,True,2533146352,2533146346,6
2,003001f03fff1f1f,True,2566697633,2566697627,6
2,000001fff3fff113,True,3294300608,3294300603,5
2,000f010f3ff1f13f,True,2303745784,2303745778,6
2,000f1121f2ff2f2f,True,2362179071,2362179065,6
2,0002021f0f32ffff,True,3238132980,3238132976,4
2,0002021ffff20f3f,True,2484773484,2484773479,5
2,000f03010ffff23f,True,2325954613,2325954607,6
2,000010ffff222f3f,True,2289427172,2289427166,6
2,001020f2f11ff3ff,True,2760628241,2760628235,6
2,000ff001ff3ff311,True,3095895116,3095895111,5
2,002101f1f2f2ff2f,True,2413944184,2413944178,6
2,0002111fffff1f31,True,2074397145,2074397139,6
2,000121f12fff2ff2,True,2437379714,2437379708,6
2,00030212fffff1f1,True,2238787575,2238787569,6
2,00000f1ff3f13f1f,True,2178110789,2178110783,6
2,00100ff03f11fff3,True,2373120959,2373120953,6
2,00011f1202fff3ff,True,3339696270,3339696265,5
2,000100fff31ff3f1,True,2482918647,2482918641,6
2,001011f2fffff222,True,2215740000,2215739994,6
2,000021f2ff1ff13f,True,2810151151,2810151145,6
2,000012f2ffff1f13,True,1697976824,1697976819,5
2,002012f0ffff31f1,True,2272158074,2272158068,6
2,000103220ffffff2,True,3301285587,3301285583,4
2,0000f01f232ffff2,True,2493155682,2493155675,7
2,001022f0fffff222,True,2179552728,2179552723,5
2,00100f22fff22ff2,True,2514765949,2514765943,6
2,00000ff11f3ff3f1,True,1964221896,1964221891,5
2,00000f1ffff2f232,True,2746319511,2746319505,6
2,00101f212ff2f2ff,True,2151145792,2151145786,6
2,00210131fff1fff1,True,3444009464,3444009461,3
2,00f10121ff1fff31,True,3440295549,3440295545,4
2,00000ff1ff131f3f,True,2669247282,2669247277,5
2,00010f0f0f23ff3f,True,2770746494,2770746488,6
2,0001003ff3ff11ff,True,3244117128,3244117123,5
2,000f00131ffff1f3,True,1841401147,1841401142,5
2,000f00f11ff31f3f,True,2549002108,2549002102,6
2,0002012f02f3ffff,True,2870047722,2870047717,5
2,000001f32fff0ff3,True,2305404122,2305404116,6
2,000f010f0ffff233,True,2735216702,2735216696,6
2,002f00122f2ff2ff,True,2696892684,2696892678,6
2,000f00132fff2f2f,True,2244884190,2244884184,6
2,000f001322ffff2f,True,2452288203,2452288197,6
2,000100ff22fff32f,True,3015962213,3015962208,5
2,000f001ffff3222f,True,2509456773,2509456768,5
2,000f001f22ffff23,True,2659914979,2659914973,6
2,001f00f1fff2132f,True,1792854769,1792854764,5
2,001010f322fffff1,True,2752514776,2752514770,6
2,000020ff1f23f2ff,True,2404949577,2404949571,6
2,0001f01f22ff1ff3,True,2503852307,2503852301,6
2,001f11212fff1f2f,True,2161056452,2161056445,7
2,000011ffffff1232,True,2704243765,2704243759,6
2,000002ff23f21fff,True,2339600679,2339600674,5
2,000002ff2f2f1f3f,True,2672381600,2672381594,6
2,000f0f111ff322ff,True,2363442800,2363442794,6
2,00010ff1123ff2ff,True,2533943812,2533943806,6
2,00000f2f03f3f1ff,True,2263790248,2263790242,6
2,001f0031fffff221,True,2170490492,2170490486,6
2,000f0023f2f1fff2,True,3021759940,3021759934,6
2,002f0003f2ffff21,True,2514907219,2514907213,6
2,00f1001ff2f13ff2,True,1921398750,1921398744,6
2,000f00f2ffff3212,True,2193244890,2193244884,6
2,000f002ff3f2f2f1,True,2843173017,2843173012,5
2,000f002fff3ff212,True,2861647078,2861647073,5
2,00f000f2fff2231f,True,2194820875,2194820869,6
2,000f011fff2f1f32,True,2613585392,2613585387,5
2,000202f20f1ff3ff,True,2310477071,2310477065,6
2,000f12121ff22fff,True,3002805034,3002805028,6
2,0001122ffff212ff,True,2134420340,2134420335,5
2,002110f22f21ffff,True,2776773248,2776773243,5
2,000f10f1ffff2321,True,2182453658,2182453652,6
2,000110ffff12f23f,True,2338747424,2338747419,5
2,00f0101f23f1fff2,True,2776459319,2776459313,6
2,0000f02ff1ff2f32,True,2360834468,2360834462,6
2,0022011ff2f1ff2f,True,2419948116,2419948110,6
2,000301f1fff12ff2,True,2453802279,2453802273,6
2,000101ff2f2f3f1f,True,2483960278,2483960272,6
2,1001211ffff2ff21,True,2879767832,2879767827,5
2,000112f20ff3ff1f,True,2875024933,2875024928,5
2,00030f11f2f21fff,True,2462502855,2462502849,6
2,00000f23f1ff2f2f,True,2219241855,2219241849,6
2,000f0f111f232fff,True,2820869005,2820868999,6
2,00100ff1212ff3ff,True,2662143634,2662143629,5
2,00100ff112f23fff,True,2475056332,2475056326,6
2,00100ff11ff22ff3,True,2582833100,2582833094,6
2,00100ff1122fff3f,True,2437319296,2437319290,6
2,00000f2ff3ff212f,True,2967878158,2967878153,5
2,00020f0f21ffff32,True,2238604244,2238604238,6
2,00012f210f3f1fff,True,2783816635,2783816628,7
2,001100ffff22f3f1,True,2469180650,2469180644,6
2,1001f00f13ff2f2f,True,2738461761,2738461755,6
2,0010f1f0f3ff12f2,True,2421946360,2421946354,6
2,0002022f2ff1fff2,True,2813558256,2813558250,6
2,000013f12f2ff1ff,True,2332216066,2332216060,6
2,00000f2f03ffff31,True,2238243121,2238243115,6
2,00001f1ff2f2ff31,True,2255897106,2255897101,5
2,000f1f0132f2fff1,True,2395227113,2395227107,6
2,00101ff0f21f3ff2,True,2012681739,2012681733,6
2,00012f21f1f2fff2,True,2627641019,2627641012,7
2,000110ffff2ff312,True,2654685249,2654685243,6
2,0002202fff12ff2f,True,3254565701,3254565697,4
2,00f0f0112f23ff1f,True,2383123394,2383123387,7
2,0020f0f0fff22f13,True,2515533933,2515533927,6
2,1001211ff2ffff21,True,2398300445,2398300439,6
2,0001f1222ffff21f,True,2261171643,2261171637,6
2,000ff1012f1ff23f,True,2497281555,2497281549,6
2,000f020f3f22fff1,True,2674235457,2674235452,5
2,00f012122ff2ff1f,True,2320269584,2320269578,6
2,000022f2ff2ff1f2,True,2488678676,2488678669,7
2,000f03111f22ffff,True,3141991485,3141991479,6
2,000003f2f1f2ff2f,True,2403845115,2403845109,6
2,000003f22f1fff2f,True,2403170696,2403170690,6
2,00000f23ff1f2ff2,True,2225521658,2225521653,5
2,00000ff2ff21f2f3,True,2812576507,2812576501,6
2,00020f0ff3ff1f22,True,2548069134,2548069129,5
2,00101f22ffff22f1,True,1850625992,1850625986,6
2,00101ff0221f3fff,True,2649923336,2649923330,6
2,00012f21fff10f3f,True,2088798065,2088798059,6
2,133fff0f1001f00f,True,2770568684,2770568679,5
2,00210f21fff21ff2,True,2506673568,2506673562,6
2,00000f32f1ffff22,True,2650163571,2650163565,6
2,00010f1f1f2fff32,True,2389951363,2389951357,6
2,00000ff2ff221ff3,True,2540794362,2540794356,6
2,00002f0ff3ff22f1,True,2909490580,2909490575,5
2,00f1001fff23ff12,True,3084544757,3084544751,6
2,001300f1ffff013f,True,2163994329,2163994323,6
2,0003002f1fff0ff3,True,2380802701,2380802695,6
2,000200ffff3f013f,True,2722006091,2722006085,6
2,001201f2f1ff0ff3,True,2527368261,2527368255,6
2,000101f312fff2ff,True,3259257722,3259257718,4
2,00f10031ff2f21ff,True,2555739949,2555739943,6
2,001f0031f1ff2ff2,True,2048824479,2048824473,6
2,003000f2f12ff2ff,True,2905746160,2905746154,6
2,00f20003f2f2f1ff,True,2690324284,2690324279,5
2,000f002f1f2f32ff,True,3342675494,3342675490,4
2,000200fff22f13ff,True,2917235171,2917235165,6
2,000200fff1f22f3f,True,1816656539,1816656534,5
2,001202f12fff21ff,True,2749985642,2749985636,6
2,000f0023ffff0f13,True,2629583493,2629583488,5
2,002000f3f0f1f3ff,True,2798384203,2798384197,6
2,000200fffff322f1,True,2146801323,2146801317,6
2,00f000f2fff3221f,True,2092739004,2092738998,6
2,0001103ffff212ff,True,2169107978,2169107972,6
2,000f101f3fff122f,True,2865070505,2865070501,4
2,000f10f1f1f22f3f,True,2279222915,2279222910,5
2,000f101f2f32f1ff,True,2379028539,2379028533,6
2,001010ff2ff213ff,True,2185374616,2185374610,6
2,000f011f1ffff223,True,2566348200,2566348194,6
2,00f001f1f2ff31f2,True,1875151846,1875151840,6
2,001001ff1fff32f2,True,2455934740,2455934734,6
2,001001ff2fff132f,True,2829267994,2829267989,5
2,001001ff1ff3f22f,True,2175208154,2175208148,6
2,00f1002ff31ff1f2,True,2331019992,2331019986,6
2,00f1002ff11ff3f2,True,2499040148,2499040142,6
2,00f1002ff1ff3f21,True,1949483763,1949483757,6
2,001f00f2fff21f13,True,2199715767,2199715761,6
2,00f1002fff2f1f31,True,2233814705,2233814699,6
2,001020f3ff1f12ff,True,2341475253,2341475247,6
2,000311f1ffff12f1,True,1633048390,1633048384,6
2,000f111ff3f121ff,True,2453216291,2453216284,7
2,000f111fff3f21f1,True,2660699915,2660699909,6
2,000111ff2fff1f31,True,2373622222,2373622217,5
2,0000f12f2fff11f3,True,2346301565,2346301559,6
2,000012ff3fff11f2,True,2641590919,2641590913,6
2,0000132ff1ff12ff,True,3243735610,3243735605,5
2,002f0013fff12f1f,True,1914179195,1914179189,6
2,0023001fffff2f11,True,2376354964,2376354958,6
2,002100ff2ff1f3f1,True,2004178265,2004178259,6
2,001f00f2ff312ff1,True,2159089660,2159089655,5
2,00f2001fff1ff231,True,2673180121,2673180116,5
2,002f001fff1ff231,True,2880435608,2880435602,6
2,001f10f1f113fff2,True,2840748720,2840748713,7
2,000f10f23ff11f2f,True,2344241069,2344241063,6
2,001101ff1f2fff31,True,1981189667,1981189661,6
2,000f01f21ff13f2f,True,2156980783,2156980777,6
2,000201ffff231ff1,True,2066445458,2066445452,6
2,0001023ffff20f2f,True,2499112724,2499112719,5
2,000012fff131f2ff,True,2493420349,2493420343,6
2,000012fff1f32f1f,True,2176972259,2176972253,6
2,00030f21f1f2f1ff,True,2929254427,2929254421,6
2,000f0f211ff31f2f,True,1991632899,1991632893,6
2,00020ff11123ffff,True,3188624364,3188624359,5
2,00010ff211f3ff2f,True,2115003916,2115003910,6
2,00010f2f1ff21f3f,True,1976120413,1976120408,5
2,00f00f21f1f21ff3,True,2322416495,2322416489,6
2,00102f22f1ff12ff,True,3086144085,3086144080,5
2,00002f1f023f2fff,True,2968805807,2968805803,4
2,0020ff10ffff1321,True,2749496753,2749496748,5
2,001020fff1f2f31f,True,2235189077,2235189072,5
2,000ff021121ff3ff,True,2851481146,2851481140,6
2,00f0f01212f1f3ff,True,2606950116,2606950110,6
2,00f00123f2ffff11,True,2749280775,2749280770,5
2,00f1011ffff1231f,True,1822205897,1822205891,6
2,000f012ff2f13f1f,True,2290366981,2290366975,6
2,000111f3fff2f1f1,True,2411935956,2411935951,5
2,0000f12ff3ff02f2,True,2992382394,2992382388,6
2,0001023f1ff2ff1f,True,2293664275,2293664269,6
2,000f021f1ff2f3f1,True,2201218125,2201218119,6
2,000f02f1ff2f1f13,True,2015379490,2015379484,6
2,000f021f1f32ff1f,True,2458822882,2458822876,6
2,001002ff1f1ff3f2,True,1987504946,1987504940,6
2,001022f2f1ff2ff1,True,1851070400,1851070394,6
2,001032f0ff11f2ff,True,2317139723,2317139717,6
2,000f03122ff11fff,True,2880651656,2880651650,6
2,0002031ff2f11fff,True,2477391969,2477391963,6
2,00010ff2f3f112ff,True,2166240462,2166240456,6
2,00010ff2f1f123ff,True,2039416269,2039416263,6
2,000f0f212ff3f11f,True,1867556687,1867556682,5
2,00020ff11f1f2f3f,True,2239626134,2239626127,7
2,00100ff2f2f1f13f,True,2351325369,2351325363,6
2,00100ff221f1fff3,True,2054507671,2054507665,6
2,00100f2f2f1ff1f3,True,2407831189,2407831183,6
2,00002f1ff2f23ff0,True,2072930140,2072930134,6
2,100f2022ffff1f21,True,1791309714,1791309708,6
2,00f0111ff3f12f1f,True,2331671491,2331671485,6
2,000021ffff2113ff,True,1947933019,1947933013,6
2,001031f1f2ffff11,True,2437029053,2437029047,6
2,0000f12f2f20f3ff,True,2654307833,2654307827,6
2,0020f1f01fff2f31,True,1814548251,1814548245,6
2,001f02222ff1ff1f,True,2394301356,2394301350,6
2,000102ff3ff12f1f,True,2105642985,2105642979,6
2,000f021ff231fff1,True,3044004428,3044004423,5
2,00f002f1ff1f32f1,True,1899095957,1899095951,6
2,001002ffff132ff1,True,1923200947,1923200941,6
2,00100ff22fff2f22,True,2102412535,2102412529,6
2,00100f2ffff222f2,True,2229475714,2229475709,5
2,00f01f11f2f31ff1,True,1905517013,1905517007,6
2,00001ff2ffff1213,True,1973438320,1973438314,6
2,00001ff2f1fff231,True,2111797757,2111797751,6
2,00001f2ffff312f1,True,1739504959,1739504953,6
2,00001f2ffff232f0,True,1897632494,1897632488,6
2,00201ff0f1f32ff1,True,1902980302,1902980296,6
2,01101f22ffff11f2,True,1813005920,1813005914,6
2,0001ff021f3ff2f1,True,2021859335,2021859329,6
2,00f0102ff3f2ff11,True,2655680538,2655680533,5
2,0010f0f21ff1f32f,True,1854699718,1854699712,6
2,1002f00fff231ff1,True,2777322357,2777322352,5
2,0001f1f11f31fff2,True,2461721886,2461721880,6
2,0020f1f0f22f2ff2,True,2124097788,2124097782,6
2,000102ffff13ff21,True,2785601015,2785601010,5
2,000f22121ff1fff2,True,2967759871,2967759865,6
2,001022f2fffff112,True,2251758838,2251758832,6
2,0002f2212fff1f1f,True,2210685714,2210685708,6
2,0010f2f0f1ff32f1,True,2447016639,2447016633,6
2,000203f12fffff11,True,2327895680,2327895674,6
2,00f01311fffff112,True,2413486700,2413486694,6
2,000f0f12f3ff1f21,True,2026218244,2026218238,6
2,00020f1f3f121fff,True,2370034316,2370034310,6
2,00010f2fff1f312f,True,2561095994,2561095988,6
2,000f1f1122f2ff2f,True,2405286532,2405286526,6
2,00011f1f0f223fff,True,2807771816,2807771810,6
2,00011ff11f2f3ff1,True,1998968689,1998968683,6
2,000f1f02ff3ff121,True,2984100320,2984100315,5
2,002001f3ff2fff11,True,3287131476,3287131471,5
2,00120f22f1f2ff1f,True,2678378764,2678378757,7
2,000f0f21f123fff1,True,2820975051,2820975045,6
2,00200f1fff2f1f13,True,2383609876,2383609870,6
2,002f001fff31ff12,True,3156249377,3156249372,5
2,0031011ff2ff11ff,True,3282878033,3282878029,4
2,000f012fffff0033,True,2727789938,2727789933,5
2,001200f3f1ff1f2f,True,2351405488,2351405482,6
2,001300f2fff112ff,True,2231921904,2231921897,7
2,0023001ffff112ff,True,2223631814,2223631808,6
2,001f002f32f1f1ff,True,2610389956,2610389950,6
2,001200ff12fff3f1,True,2829861598,2829861593,5
2,001200ff12ff3f1f,True,2901733389,2901733383,6
2,001f00f22f3ff1f1,True,1982166402,1982166397,5
2,001f002f2ff31f1f,True,2144089714,2144089708,6
2,000f1023f1f21fff,True,2743434152,2743434147,5
2,00f1101ff3ff112f,True,2729554960,2729554954,6
2,000f01f22f2f22ff,True,2561487429,2561487423,6
2,000201ff0fff322f,True,2807197963,2807197957,6
2,000021f312fff1ff,True,3181675416,3181675411,5
2,001212f112fff1ff,True,3150118554,3150118549,5
2,002f00f1ff2f032f,True,2477259380,2477259375,5
2,000f10232f1ff1ff,True,2711395269,2711395263,6
2,0002103fffff12f1,True,2396740244,2396740239,5
2,001301f1ff1f12ff,True,2155678939,2155678934,5
2,0002013ff2f1f1ff,True,2696889653,2696889647,6
2,003001f2f2ff1f1f,True,2663452280,2663452274,6
2,000f012fff3112ff,True,2502484014,2502484008,6
2,000f021fff3f02f2,True,2478661031,2478661025,6
2,000f00f3ff1113ff,True,2371102047,2371102041,6
2,000f00f3ff1ff131,True,2574082275,2574082269,6
2,000ff00ff12f223f,True,3230487992,3230487988,4
2,001f01f2ff1203ff,True,2320408576,2320408570,6
2,00f12122ffff11f1,True,1623827299,1623827293,6
2,000f211ffff1113f,True,2088595675,2088595670,5
2,001102ff2ffff122,True,2683908458,2683908452,6
2,000f02f21f2f2ff2,True,2162739443,2162739437,6
2,000112fffff3111f,True,1861609251,1861609245,6
2,00f012f1f1f31f1f,True,1848867041,1848867035,6
2,001f0f12212ff2ff,True,2926889370,2926889364,6
2,000f0f221ff20f3f,True,2295648811,2295648805,6
2,002f002f2f12fff2,True,2658825239,2658825233,6
2,000f00ffff232f21,True,2595538788,2595538782,6
2,0011f0f222fff2f1,True,2081960316,2081960310,6
2,0011f0f220fff3f1,True,2109040454,2109040448,6
2,001f0123f1f1ff1f,True,2565868425,2565868419,6
2,00f1111ffff2221f,True,1550533387,1550533382,5
2,0001f12f13ff0ff2,True,2607880620,2607880613,7
2,0001f1f201ffff23,True,2328634105,2328634099,6
2,0020f1f122f21fff,True,2444667332,2444667326,6
2,001f0231ffff0f12,True,2320381497,2320381491,6
2,000f22221ffff1f1,True,1978593765,1978593759,6
2,000f03220f1ff2ff,True,2779382845,2779382840,5
2,00000ff30f1f32ff,True,2049150281,2049150275,6
2,00000fff0fff2331,True,2943727751,2943727747,4
2,000f0f0ff1331f1f,True,2655741968,2655741962,6
2,000f1f211f2f03ff,True,2487093463,2487093457,6
2,00021f1f1ff203ff,True,2252537547,2252537541,6
2,00011f2f0132ffff,True,3335464796,3335464792,4
2,000220fffff31f11,True,1972478299,1972478293,6
2,0012f0f1fff2122f,True,2318063221,2318063215,6
2,002f01f1ff22f2f1,True,2155443570,2155443564,6
2,001111ffff1f31f1,True,1999760362,1999760356,6
2,000f211f222ffff1,True,2990433298,2990433293,5
2,000f21f1fff20f13,True,2157228015,2157228009,6
2,000302f21ff1fff1,True,2863297663,2863297657,6
2,000112fff2f22f1f,True,1866401147,1866401141,6
2,000112ff0ff3ff21,True,2876658824,2876658819,5
2,001012ff22f1fff2,True,2600997695,2600997689,6
2,0001f2f11f2f0f3f,True,2291462957,2291462951,6
2,0001f21fff21f2f2,True,2524555889,2524555883,6
2,0002f20fff2f2f12,True,2935913585,2935913579,6
2,100ff2011f3fff11,True,2329860268,2329860261,7
2,00011f231f1ff1ff,True,2293288249,2293288243,6
2,00011ff22f1f0f3f,True,2020350339,2020350333,6
2,00012ff101f3fff2,True,2286050712,2286050706,6
2,00012ff101ffff23,True,2035762521,2035762515,6
2,00002ff222fff1f2,True,2115976514,2115976508,6
2,0001ff122f1f2f2f,True,2731233516,2731233510,6
2,001120ffff22f2f1,True,2162453843,2162453836,7
2,00f011f2f21fff22,True,2601496692,2601496686,6
2,002f2121fff11f1f,True,1984408268,1984408262,6
2,000321f1ff1f1f1f,True,2222994765,2222994760,5
2,1011f1221ffff11f,True,2238749875,2238749870,5
2,0001f21f0ff32ff1,True,2409746426,2409746420,6
2,001f0f21221ffff2,True,2349303030,2349303024,6
2,00020ff20ff1f32f,True,2652323530,2652323524,6
2,00000ff322ffff12,True,2129463664,2129463657,7
2,00000f3f0ff1f32f,True,2465369605,2465369600,5
2,000f0f032fff2f21,True,2199585195,2199585188,7
2,00000ffff32103ff,True,2629122913,2629122907,6
2,000f0f0f322f2ff1,True,2641292655,2641292649,6
2,000f1f2121f2fff2,True,2232959032,2232959025,7
2,00011f2ff1f22ff2,True,1971707040,1971707035,5
2,000f1f21f212fff2,True,2822121877,2822121870,7
2,00021ff12f12fff2,True,2382253606,2382253600,6
2,00201ff12122ffff,True,2964482342,2964482337,5
2,01211f21f1f1ff1f,True,2174781747,2174781741,6
2,010f1f11f13f1ff1,True,2128606168,2128606162,6
2,01101ff1f11f1ff3,True,2218064013,2218064007,6
2,00212f121fff1f1f,True,2320082111,2320082105,6
2,00012ff1f13f1f1f,True,2158224045,2158224039,6
2,00102ff1f1ff13f1,True,1596852223,1596852218,5
2,00002f2ff120ff3f,True,2855743149,2855743143,6
2,0002ff11f2f21f2f,True,2204632302,2204632296,6
2,012121f1ff1f1f1f,True,2227096277,2227096270,7
2,000231f10ff1fff2,True,2964016399,2964016392,7
2,1001f11ff2ff2f21,True,2284303458,2284303452,6
2,000f0f223f1ff1f1,True,1917548605,1917548599,6
2,000f0f221ff13f1f,True,1974759605,1974759600,5
2,000f0f0fff21322f,True,2704213525,2704213519,6
2,000f1f211ff13ff1,True,2660607311,2660607306,5
2,01012f0ff13f1ff1,True,2145104233,2145104227,6
2,010f2f01f10ff23f,True,2636181847,2636181842,5
2,00120ff1f1f1ff31,True,2482041238,2482041230,8
2,00030f0fff111f3f,True,2389338292,2389338286,6
2,00021f1f0f13ff2f,True,2702032614,2702032608,6
2,002101fff2ff013f,True,3002484256,3002484251,5
2,002200fff1f222ff,True,2255488992,2255488986,6
2,001f012ff13f0ff2,True,2868319247,2868319242,5
2,000f00ffff32212f,True,2936292652,2936292647,5
2,000f00fff222f13f,True,2955916933,2955916927,6
2,001120fff2ff12f2,True,2765396533,2765396527,6
2,0012013ffff102ff,True,2398041704,2398041698,6
2,00000ff3013f2fff,True,2552865049,2552865043,6
2,00000fff21ff22f3,True,2642828089,2642828083,6
2,001210fff1f2f22f,True,2076620860,2076620854,6
2,002f01f1f12ff2f2,True,2275668447,2275668441,6
2,001201ff212fff2f,True,2726032698,2726032692,6
2,000302f2ffff111f,True,2186710916,2186710911,5
2,001f021ff1f11f3f,True,2311693038,2311693032,6
2,000f022f0f31f2ff,True,2430022127,2430022122,5
2,000202ff2ff30f1f,True,2000531418,2000531412,6
2,000312f1ffff012f,True,2312112785,2312112779,6
3,000100f4ff1f1ff1,True,2096891745,2096891739,6
3,200f10f220fff31f,True,2442243902,2442243896,6
3,00f2f02122ff1ff2,True,2316259377,2316259371,6
3,002201fff2fff221,True,2966964092,2966964087,5
3,002201fff2122fff,True,2430525601,2430525595,6
3,000f01f3f21ff2f2,True,2418215520,2418215514,6
3,000f01fff22f2f13,True,2720117895,2720117888,7
3,00f001fff32f221f,True,3197733591,3197733586,5
3,001f12f1f1f131ff,True,2166558295,2166558290,5
3,001022ff2fff212f,True,2814286060,2814286054,6
3,001f00f32f2fff12,True,2101038278,2101038272,6
3,001f003ffff2f221,True,2460766180,2460766174,6
3,000310fff131ff1f,True,2587692818,2587692812,6
3,002201fff31ff1f1,True,2296626149,2296626143,6
3,000f01f31fff3f11,True,1940680977,1940680971,6
3,000f013f31f1ff1f,True,2391499337,2391499331,6
3,00f111f22f2ff2f1,True,1744501849,1744501843,6
3,002f111fff2f221f,True,3098284557,3098284552,5
3,012221f1021fffff,True,3270329634,3270329629,5
3,001f022ff3f10f2f,True,2211366931,2211366925,6
3,00010f3f03f1f2ff,True,2330960802,2330960796,6
3,000f0f13f1f11ff3,True,1958679319,1958679312,7
3,000f0f1f02f3ff31,True,2392698585,2392698579,6
3,00211f1f1fff0f23,True,1943736068,1943736062,6
3,000f10ff2f2f3f12,True,2648412230,2648412224,6
3,20ff10112f2ff21f,True,2463255368,2463255361,7
3,100220fff22f2ff1,True,2044916300,2044916294,6
3,00f0f0f11222fff3,True,2720704280,2720704274,6
3,001f12f1ff1f032f,True,1996015836,1996015830,6
3,0002f2f10ff3f1f2,True,2348288318,2348288312,6
3,0001f2f20f321fff,True,2676908183,2676908177,6
3,000f0f312ff2f12f,True,1831214650,1831214644,6
3,00f00ff1f3f2122f,True,2313996351,2313996345,6
3,00100fff23f21ff2,True,2101268934,2101268927,7
3,00100fff123fff22,True,2453994882,2453994876,6
3,00211f1ff1ff1f31,True,1781297577,1781297572,5
3,00001fff0213ff3f,True,2387155030,2387155024,6
3,0001ff0f213f22ff,True,2887415618,2887415612,6
3,0010fff03f111f3f,True,1918242692,1918242686,6
3,021fffff212102f1,True,2091598411,2091598405,6
3,000ff01ff231f2f2,True,2899167586,2899167580,6
3,00f1211ffff1f113,True,1979956540,1979956533,7
3,0000f1ff3ff212f2,True,1920699647,1920699641,6
3,00f012f2fff21f22,True,1882155748,1882155742,6
3,000ff21213f1f1ff,True,2255077566,2255077560,6
3,0002f2f11fff1f13,True,1659715797,1659715791,6
3,0010f2f2111ffff3,True,2397624864,2397624858,6
3,002f0312ff1f0f2f,True,3006849845,3006849840,5
3,00f0031ff2f2f21f,True,2472459603,2472459597,6
3,00210f2f2ff12f2f,True,1858666897,1858666891,6
3,000f0f31f3f10f2f,True,2438091449,2438091444,5
3,00100ff32f212fff,True,2437126256,2437126250,6
3,000f0f1f0331fff2,True,2664452071,2664452064,7
3,00010fff0f3ff321,True,2408974018,2408974012,6
3,00010fffff31032f,True,2394030724,2394030718,6
3,00f00f1fff23221f,True,2737904733,2737904728,5
3,000f1f0fff23122f,True,2622261724,2622261718,6
3,000f2f21f2ff0f13,True,1987622527,1987622521,6
3,00022ff12f310fff,True,2275045589,2275045583,6
3,00012ff2f22fff21,True,2219822928,2219822922,6
3,00f02f21f1f31f1f,True,1708603124,1708603119,5
3,0002ff120f1fff32,True,2819108884,2819108879,5
3,0010ff22f2f12f2f,True,1932158629,1932158623,6
3,000231f2ffff0f12,True,1972579127,1972579121,6
3,0002f12f031fff2f,True,2865533336,2865533330,6
3,00f0f1222ff2ff12,True,2281528552,2281528547,5
3,0000f13ff2f1ff22,True,2776475582,2776475575,7
3,000ff10f2ff3f221,True,2396090756,2396090750,6
3,100ff121ff1f13f1,True,2030560463,2030560457,6
3,0022221ffffff111,True,2323806454,2323806448,6
3,000f22f13ffff111,True,2072580343,2072580337,6
3,000f130fff212ff2,True,2129182496,2129182490,6
3,0010f3f022fff1f2,True,2107517417,2107517411,6
3,00001ff32f21fff2,True,2093714662,2093714656,6
3,00001fff0ff1042f,True,2593728787,2593728781,6
3,00f01ff02f1f2f23,True,2305291463,2305291457,6
3,00023f21ffff01f2,True,1901636975,1901636969,6
3,0001f0ff2321ff2f,True,2425416794,2425416789,5
3,001ff1211ff1ff13,True,2423007374,2423007367,7
3,0021f1f11f1fff31,True,1802277399,1802277392,7
3,010f12f1fff22f21,True,1653284110,1653284104,6
3,0002f2f1f3f10ff2,True,2666034220,2666034213,7
3,00f0f2122ff1f22f,True,1966807300,1966807294,6
3,0010f2f2fff1222f,True,1975901646,1975901640,6
3,00100ff3fff1f222,True,2630925943,2630925937,6
3,00100fffff312f22,True,2289707242,2289707236,6
3,00100fff2f23ff12,True,1964057195,1964057189,6
3,00121f131ff1fff1,True,2766849557,2766849551,6
3,00021f2fff221f2f,True,2074202389,2074202383,6
3,00001f3f1ffff320,True,2106424812,2106424807,5
3,00001fffff331f11,True,2339390589,2339390583,6
3,01021f1fffff2221,True,2109584305,2109584298,7
3,00120f2fff1f1f31,True,2112936387,2112936381,6
3,00001fff02ff014f,True,3009884864,3009884859,5
3,0004001f0ffff1f2,True,2295774324,2295774318,6
3,001300ff21f2f2ff,True,2216718816,2216718810,6
3,001f00f330f21fff,True,2434096665,2434096659,6
3,0001004ff1f1f1ff,True,2756968987,2756968981,6
3,00f010f3f2ff212f,True,2427212230,2427212225,5
3,000301f31fff0ff2,True,2409997376,2409997370,6
3,000f01ff22f31ff2,True,2490940971,2490940965,6
3,00f112f12fff013f,True,2179936636,2179936629,7
3,001f003f1f22f2ff,True,2719111250,2719111244,6
3,000f10ff3ff3111f,True,2992489986,2992489982,4
3,0001f0f322ff12ff,True,2918025996,2918025991,5
3,002201fff3ff02f1,True,2808793981,2808793975,6
3,000301fff1ff1f31,True,2287927064,2287927058,6
3,001300fff22f2f1f,True,2324107039,2324107033,6
3,001f00ff3f1f0f32,True,2291800048,2291800042,6
3,002f2013f1f11fff,True,2774781558,2774781553,5
3,00f1211f1fff222f,True,2317881102,2317881096,6
3,000f12f212ff2ff2,True,2184402560,2184402554,6
3,002f00f3f1f2ff21,True,2241201046,2241201041,5
3,000f20ff3fff1212,True,3029663885,3029663880,5
3,000f30f2f2ff121f,True,2404324687,2404324681,6
3,0011f0ff10f3f31f,True,2029415491,2029415485,6
3,00f0f0f230ff13f1,True,1940475206,1940475200,6
3,0001f1f302ff2f2f,True,2224717947,2224717941,6
3,0010f13f2fff11f2,True,2109823354,2109823348,6
3,000ff1f12fff0223,True,2157181624,2157181618,6
3,0101f2f221ff12ff,True,2882217425,2882217419,6
3,000f032f03f1f1ff,True,2511850347,2511850341,6
3,000f0ff213ff22f1,True,2193135686,2193135680,6
3,000f1f130ff30ff2,True,2659096303,2659096297,6
3,00011ffff1f3122f,True,2159098566,2159098560,6
3,000f1ff1001fff41,True,2466891595,2466891589,6
3,003fff2f01210ff2,True,2567260635,2567260629,6
3,00f110fff122ff13,True,2186723921,2186723915,6
3,1001f03ff2ff121f,True,3145472681,3145472676,5
3,00f1013fff21f1f2,True,2160607164,2160607158,6
3,001231f201f1ffff,True,2694853096,2694853091,5
3,0001f1ff22f11f3f,True,2053055678,2053055672,6
3,100ff10fff22f311,True,2976967755,2976967750,5
3,000f13f103f1f1ff,True,2467061971,2467061966,5
3,00110f3fff2f11f2,True,2165922673,2165922668,5
3,00130f1f2f2f0ff2,True,2365143035,2365143029,6
3,000f1ff1f2f312f1,True,1923964487,1923964481,6
3,010f1f222f2f11ff,True,2441799913,2441799907,6
3,00002fff11fff232,True,2736535727,2736535721,6
3,00013f1ff2f2ff11,True,2271136500,2271136493,7
3,0001ff1f2f31ff21,True,2052334911,2052334906,5
3,100fff011f2ff321,True,1893824905,1893824899,6
3,1212ff002ff11f2f,True,1702709373,1702709367,6
3,00ff10f1f312f2f1,True,2287360725,2287360719,6
3,001130ffffff1212,True,2630268444,2630268439,5
3,001ff0311ff22f1f,True,1780135090,1780135085,5
3,00f1f01ff32f211f,True,2737824617,2737824611,6
3,0011f0fff2f231f1,True,1957560039,1957560033,6
3,000ff02f1ff1f232,True,2051506923,2051506917,6
3,0002f0ff2f231ff1,True,1829898216,1829898210,6
3,00ff212103f1ff1f,True,2531682850,2531682845,5
3,101121fff2f2f1f1,True,2011918745,2011918739,6
3,0021f12fff2f022f,True,2880170866,2880170860,6
3,0001f1ff2f2222ff,True,2224269544,2224269538,6
3,0202f1f1f2ff112f,True,2705054311,2705054305,6
3,002202fffff2f121,True,2111219814,2111219809,5
3,001f122f22f1ff1f,True,2396413793,2396413787,6
3,002112ff3ff10f1f,True,1902218965,1902218959,6
3,00f1221f1ffff212,True,1733652786,1733652780,6
3,00f022f21f21f2ff,True,2059196115,2059196109,6
3,0012f21f0fff1f31,True,2247453256,2247453250,6
3,1002f2f111ff2f2f,True,2239394854,2239394847,7
3,00110ff3f1122fff,True,2595781070,2595781064,6
3,001f0ff1211ff32f,True,2218814100,2218814095,5
3,00110ffff2321ff1,True,1930786413,1930786408,5
3,00110fff1ff12f23,True,1818087862,1818087856,6
3,000f0ff2f1f22f13,True,2250114685,2250114678,7
3,00200ffff23f1f12,True,2014347396,2014347390,6
3,000f1ff10f232f2f,True,2489421290,2489421284,6
3,00122f1f0f3f1f1f,True,2523042694,2523042687,7
3,00022ff201ff3f1f,True,2303340830,2303340823,7
3,01012ff212fff12f,True,2330394298,2330394292,6
3,00f0f02ff2112ff3,True,2415066444,2415066438,6
3,1022f01ffff1122f,True,2104586009,2104586004,5
3,00f011fff22ff311,True,3155458037,3155458032,5
3,0012f12f12f2fff1,True,2169771656,2169771649,7
3,0001f1f32ff11f2f,True,1669821239,1669821233,6
3,000ff1f1f12f2f13,True,2126041289,2126041283,6
3,0121f1f1f1f21ff2,True,2225996405,2225996399,6
3,000ff20f310f1f3f,True,3264339849,3264339845,4
3,1002f2f12fff121f,True,2362397183,2362397177,6
3,0120f21f2fff211f,True,2650247739,2650247734,5
3,121ff200f2ff1f21,True,2220197897,2220197891,6
3,000f131f21f1ff2f,True,2336492169,2336492163,6
3,00030f2f031ffff1,True,2317805813,2317805806,7
3,00020ff3f3f10f1f,True,2169498186,2169498180,6
3,00020fff0311f3ff,True,2695240180,2695240174,6
3,00200ffff213f2f1,True,2395026874,2395026868,6
3,010f1f22ffff1122,True,1983461589,1983461583,6
3,00122ff1022ffff2,True,2561551597,2561551591,6
3,00f02ff0f21ff321,True,2855382449,2855382443,6
3,00013f1f00f3ff2f,True,2630522713,2630522707,6
3,0001fff11f3f12f2,True,2190254098,2190254093,5
3,0001ff1f2f3ff211,True,2300630753,2300630747,6
3,0010fff11f2f21f3,True,1964151771,1964151765,6
3,000fff02f13f12f2,True,2412662911,2412662904,7
3,00f0ff2022ff3f11,True,2264302419,2264302413,6
3,001ff0f1131fff22,True,2466427885,2466427879,6
3,000ff02f1ff1f322,True,2157396742,2157396736,6
3,131ff03ff00ff002,True,2884566101,2884566095,6
3,00f121f22f21ff1f,True,2023286702,2023286696,6
3,0021f1f2ff2ff211,True,2579346772,2579346766,6
3,000ff11fff322f11,True,3023773302,3023773297,5
3,1012f1f1ff1f212f,True,1939821946,1939821940,6
3,1002f12f1f2ff2f1,True,2131490655,2131490649,6
3,001ff2122f2ff1f1,True,2059951706,2059951701,5
3,00f0f2222ff11f2f,True,1660405557,1660405552,5
3,0000f2ff13ff2f21,True,3004998852,3004998847,5
3,000ff20f1f2f32f1,True,2501197921,2501197914,7
3,0001f3f10ff11f3f,True,2014511463,2014511457,6
3,00031ff12ff2ff11,True,2268449180,2268449175,5
3,00f01f1ffff12312,True,2212855147,2212855140,7
3,001f2f1221ffff12,True,1942558173,1942558167,6
3,00112ff2f12ff21f,True,2169356641,2169356635,6
3,00112f2ffff1122f,True,1668908960,1668908954,6
3,00202ff21f21f2ff,True,1724905655,1724905649,6
3,01013f0f110fff3f,True,2910113599,2910113594,5
3,0030ff112ff21f1f,True,1990077110,1990077104,6
3,0001fff103131fff,True,2202289757,2202289751,6
3,000fff11f1f22f31,True,1893707207,1893707201,6
3,0001f1f31ff2ff21,True,1918491997,1918491991,6
3,020ff121f2ff1f21,True,1967476547,1967476540,7
3,00f0222ffff12f12,True,1722773698,1722773692,6
3,0120f2f11f2f2ff1,True,1537903781,1537903776,5
3,000f131fff2ff121,True,2686957856,2686957850,6
3,00023f0fff0f113f,True,2629807074,2629807069,5
3,0120ff122fff211f,True,1984063734,1984063727,7
3,00f10ff1f123ff12,True,2645930272,2645930266,6
3,001f0ff1ff21f132,True,2686745722,2686745716,6
3,0021ff1201ffff31,True,2385753224,2385753217,7
3,0001ff1f1ff10f33,True,2121836809,2121836803,6
3,00002fff3300f2ff,True,3040109623,3040109618,5
3,0032003fffff00f2,True,2538204857,2538204851,6
3,003ff3f201f100ff,True,2310776819,2310776814,5
3,00ff202212fff1f2,True,2684041336,2684041330,6
3,01f121f101f3f1ff,True,2352613704,2352613698,6
3,000320ff2fff12f1,True,2401672657,2401672651,6
3,00f020fff21f12f3,True,3050161110,3050161105,5
3,100ff03121ff12ff,True,3379127329,3379127324,5
3,000f11ff2f1f213f,True,3023330564,3023330558,6
3,00f011ff22f3f11f,True,1966602425,1966602420,5
3,00ff12212fff112f,True,2767629811,2767629806,5
3,002f121fffff0032,True,2346437372,2346437366,6
3,000f1ff1f2ff0033,True,2347566301,2347566295,6
3,003ffff221f200f1,True,1946935483,1946935478,5
3,002300f3fff10f1f,True,2521435941,2521435935,6
3,00ff1031f1ff2f21,True,1934250029,1934250023,6
3,00f1103ff21f1f2f,True,2499296958,2499296952,6
3,001f10ff21f1f32f,True,2294953428,2294953423,5
3,0020f0fff2f311f2,True,2000582670,2000582664,6
3,001f013fff2112ff,True,2480071498,2480071492,6
3,001301ff2f1ff12f,True,2270343729,2270343724,5
3,00ff212101ffff31,True,2786755571,2786755565,6
3,00ff21211f1f0f3f,True,2600454366,2600454360,6
3,11ff22ff1112f0f1,True,3456398214,3456398210,4
3,0f01f2122ff1ff12,True,2385895153,2385895147,6
3,001f0ff132ff02f2,True,1945511158,1945511153,5
3,000f0ff21f2f213f,True,2476047768,2476047762,6
3,00020fff11f3f2f2,True,1771085066,1771085060,6
3,0032ffff00310f1f,True,2152014638,2152014632,6
3,00ff201f1ff1231f,True,2496493982,2496493976,6
3,002f212fffff0221,True,2537726910,2537726904,6
3,000ff1f2f23f11f1,True,2502905140,2502905133,7
3,0002f1ff2f1311ff,True,2067584154,2067584148,6
3,00f3021ff2f1f1f1,True,2465099001,2465098995,6
3,001f023f2ff11ff1,True,2800499174,2800499168,6
3,000f12ff0f3f2f12,True,2476459722,2476459715,7
3,000ff21f03ff12f2,True,2997891118,2997891113,5
3,000ff21f02f2f13f,True,2506255119,2506255113,6
3,000313f2ffff001f,True,2486669865,2486669859,6
3,000f13f212fff1f1,True,1868024628,1868024622,6
3,000f132f0ff30f1f,True,2285354899,2285354893,6
3,00f20f1ff2f2212f,True,1671892209,1671892203,6
3,00120ffffff20132,True,2260949227,2260949221,6
3,00021ff312f11fff,True,2329969315,2329969309,6
3,002f30f1ff1f11f2,True,1889486399,1889486393,6
3,00f1f032111ffff2,True,2703400967,2703400961,6
3,001ff0f2f2ff2212,True,2081213985,2081213979,6
3,100ff0f2f1ff2222,True,2393819802,2393819796,6
3,000f31f20ff2f1f2,True,1855525271,1855525265,6
3,0002f13fff2f01f2,True,2919246368,2919246363,5
3,121ff1ff002f2f21,True,2522929197,2522929192,5
3,0001f2ff11ff23f1,True,2695672521,2695672516,5
3,0f01f20fff0f2231,True,2394314577,2394314571,6
3,000f23f111ff2ff1,True,2665637078,2665637072,6
3,00320ff1f1211fff,True,2347192410,2347192403,7
3,00130ff211ffff21,True,2136388653,2136388647,6
3,00120ff3ff1f022f,True,2466764883,2466764878,5
3,00210fffff2f1131,True,2164215931,2164215925,6
3,001f0f2f2ff20f31,True,1913817036,1913817030,6
3,00012fff11f32f1f,True,2246687721,2246687715,6
3,12f22f00f121ff1f,True,2331346263,2331346257,6
3,0001ff2f2f22ff21,True,2117180892,2117180886,6
3,0122ffff0022f12f,True,2288933128,2288933122,6
3,0f01ff021f3ff112,True,2149905422,2149905416,6
3,00f120f31f1fff21,True,1952023659,1952023653,6
3,00f2f0f1f2f31f11,True,1980017454,1980017448,6
3,100ff02f1321f1ff,True,2669599623,2669599618,5
3,01f121f2fff112f1,True,1499086769,1499086764,5
3,0031f1f11ff11f2f,True,1841612827,1841612821,6
3,001ff1310ff22ff1,True,2433249828,2433249823,5
3,0022f1f20ff12ff2,True,2112518159,2112518153,6
3,00f1f1f103f22f1f,True,2100462986,2100462980,6
3,001302ffff121f1f,True,2022032369,2022032363,6
3,000ff21f21fff222,True,2634640424,2634640418,6
3,1012f2f121ff1ff1,True,1581133682,1581133678,4
3,11f1f23f120ff00f,True,2979060451,2979060445,6
3,11f1f2ff2112f0f1,True,2208259040,2208259034,6
3,0001f32f1ff1ff12,True,2297434087,2297434081,6
3,02f2f31f001ff1f1,True,2348628033,2348628027,6
3,00031ff22ff10f2f,True,2244820693,2244820687,6
3,00021fffff21023f,True,1847362442,1847362436,6
3,00f22f211f2f0f2f,True,2229629439,2229629433,6
3,0003ff12f2ff01f2,True,2216573202,2216573196,6
3,0010fff23ff2f111,True,2247024642,2247024637,5
3,0201ff0f2f1f1f31,True,1966789046,1966789040,6
3,021f21f1f2fff111,True,1661682620,1661682613,7
3,020f212fff1f12f1,True,2489977409,2489977404,5
3,020f212ffff1121f,True,1899093753,1899093748,5
3,0002f1f31f1ff2f1,True,1719953081,1719953075,6
3,00f0f1321f1f2ff1,True,1800417323,1800417317,6
3,00f1f1f1321ff1f1,True,2183359668,2183359662,6
3,000ff1f213f1f2f1,True,2125316129,2125316123,6
3,000ff1f2f2111ff3,True,2205914592,2205914585,7
3,000ff12fff1321f1,True,2472538932,2472538926,6
3,00f1f222f1ff1f21,True,1756248578,1756248572,6
3,0021f2f21f1ff1f2,True,1832006806,1832006799,7
3,0012f2f21f1ff12f,True,2107956066,2107956059,7
3,0012f2f20f212fff,True,2229592988,2229592981,7
3,0010f2f31f1ff12f,True,2061276520,2061276513,7
3,000ff2f1f1ff1321,True,2297980315,2297980309,6
3,000ff21f112ff3f1,True,2958723931,2958723925,6
3,0121f2f10ff2f12f,True,2197013796,2197013790,6
3,00031f2ffff112f1,True,1643698843,1643698837,6
3,001f1ff11ff123f1,True,2202108769,2202108763,6
3,010f1f1ff12f1f31,True,2564890596,2564890590,6
3,01011fffff3f1121,True,2038711770,2038711764,6
3,00122ff2ff1f022f,True,2023861805,2023861799,6
3,00032ff12f1f0f2f,True,2079693844,2079693838,6
3,000f2ff13f1202ff,True,2166698910,2166698904,6
3,0001fff211f123ff,True,2061017474,2061017468,6
3,000fff211f1321ff,True,2109832761,2109832755,6
3,000fff1221f31ff1,True,1825317042,1825317036,6
3,0001fff212f1f1f3,True,1660471750,1660471744,6
3,00f2f221ff12f1f1,True,2457867271,2457867264,7
3,000ff21f2fff3111,True,2565948954,2565948947,7
3,00ff0312f1f1ff21,True,2614372918,2614372912,6
3,000123ffffff1211,True,2822710696,2822710691,5
3,00111fff2f12f22f,True,1525849801,1525849795,6
3,010f1f3121ffff11,True,2446461407,2446461400,7
3,01011ffff13f2f11,True,2108578490,2108578484,6
3,01101fff31fff211,True,2875688577,2875688571,6
3,00032ff1f2f11f1f,True,1605314441,1605314436,5
3,00012fff1ff12f13,True,1915345309,1915345303,6
3,00102fff1321ff1f,True,1951017891,1951017885,6
3,102f2f11ffff1121,True,1681019687,1681019681,6
3,02f2ff1f021f1f21,True,1922951473,1922951467,6
3,100ff20ff231f11f,True,3010876927,3010876921,6
3,0121f21f12f1ff1f,True,2259103525,2259103519,6
3,01f0f222ffff1211,True,2066523177,2066523171,6
3,111ff2ff1f21f102,True,1863236645,1863236639,6
3,000f1ff2f32f1f11,True,2282352318,2282352312,6
3,01212ff121f1ff1f,True,1781514441,1781514436,5
3,010f2f0f211fff31,True,2601422380,2601422374,6
3,0003ff121f2ff1f1,True,2014957459,2014957453,6
3,0002ff1f11ff3f12,True,2087817313,2087817307,6
3,0001ff2f03f2f2f1,True,2157571266,2157571260,6
3,0001fff22ff103f2,True,2377930634,2377930628,6
3,0001fff21ff1f132,True,2277975683,2277975678,5
3,0010ff2f2fff2221,True,2130685275,2130685269,6
3,0201ff0ff13f12f1,True,2220833603,2220833596,7
3,0003ff120fff0f31,True,2505621020,2505621014,6
3,0001fff201ff00f4,True,2350895373,2350895367,6
3,003fff3100ff01f2,True,2129902837,2129902831,6
3,003ffff1012300ff,True,2501650365,2501650359,6
3,000321ff0f2f21ff,True,2669123320,2669123314,6
3,001302ff21f1f1ff,True,2406493195,2406493189,6
3,001f02fff23102ff,True,2720627226,2720627220,6
3,000f12ff2ff301f2,True,2515607842,2515607836,6
3,003f13fff1f100f1,True,2505661975,2505661970,5
3,002f10ffff31112f,True,2153023159,2153023154,5
3,000f12f32ff111ff,True,2490940716,2490940710,6
3,0003f21f1fff00f3,True,2420227594,2420227588,6
3,002f0ff1f2f3012f,True,1855001831,1855001826,5
3,00ff20f1f023f2f1,True,2430722304,2430722299,5
3,00f1f02321ff1f1f,True,2019831755,2019831749,6
3,00fff01220ff23f1,True,2646668662,2646668655,7
3,003111fffff111f2,True,1580993217,1580993212,5
3,000ff1f20f2312ff,True,2270155037,2270155032,5
3,001f13f101f2f2ff,True,2276806454,2276806448,6
3,00120fff11ff321f,True,2753215884,2753215877,7
3,00031ff22fff012f,True,2222920004,2222919998,6
3,001f1f1f02f2f13f,True,2191149486,2191149480,6
3,0013ffff0f2300f1,True,2371019237,2371019231,6
3,012f212ff1210fff,True,2993777219,2993777213,6
3,01f131f101ff2ff1,True,2519867945,2519867939,6
3,012ff1ff12f10f22,True,2141047900,2141047894,6
3,00f112ff0f1f2f31,True,1986387170,1986387164,6
3,10f1f2ff12f1211f,True,1810016667,1810016662,5
3,00030f3f0f2ff1f1,True,2273514553,2273514547,6
3,00030ffff1f20f31,True,2246602706,2246602700,6
3,002f1ff121f21f2f,True,1778649321,1778649316,5
3,00f21f1f2ff2112f,True,1573645210,1573645205,5
3,001f2ff1f1f102f3,True,1886728742,1886728736,6
3,0022ff3f0f1f01f2,True,2108594535,2108594530,5
3,102ff01ff0f213f1,True,2394030137,2394030132,5
3,00ff21f11f212f2f,True,2068193207,2068193201,6
3,0013f1f20ff11f2f,True,2009252048,2009252042,6
3,00f1f12f22f2f11f,True,1967312777,1967312771,6
3,002ff1f1f3f101f2,True,2313872100,2313872094,6
3,00f1f12f0f311ff2,True,2163896365,2163896359,6
3,00f2f1f1f12f0f31,True,2527011101,2527011095,6
3,00f1f312f1ff01f2,True,2302936342,2302936337,5
3,00320f2ffff1111f,True,1869945215,1869945210,5
3,002f1f1f222f1f1f,True,2783058454,2783058449,5
3,00121fff21ff2f21,True,2036637108,2036637102,6
3,00211fff031ff1f2,True,1859207533,1859207527,6
3,00f12f1f1f2f212f,True,2350280626,2350280620,6
3,00f12ff102f2f2f2,True,1996405411,1996405405,6
3,00213ff101fff12f,True,2502648984,2502648978,6
3,00003fff2f12ff21,True,1796388074,1796388068,6
3,121fff002f10f13f,True,1974313502,1974313496,6
3,1012f03ff1ff1f11,True,2751931972,2751931966,6
3,002ff11f3ff1111f,True,2006503751,2006503745,6
3,00f112ffff2f2211,True,2407399909,2407399902,7
3,000ff2f22f1f12f2,True,1683610634,1683610628,6
3,00f0f2f212f1f2f2,True,2046420336,2046420330,6
3,002f13f10ff12f1f,True,2046548199,2046548193,6
3,000f232ffff1012f,True,2064136668,2064136661,7
3,003f1f120ff12ff1,True,2728940526,2728940520,6
3,00f11f322ff10f1f,True,1756874505,1756874499,6
3,00211fff3fff1111,True,2594126697,2594126691,6
3,00f11ff2f1131ff1,True,1941492626,1941492619,7
3,00121fffff1311f1,True,1525148485,1525148479,6
3,011f1ff1221f1f2f,True,1786023777,1786023770,7
3,00312ff1ff1f01f2,True,1527985471,1527985465,6
3,00f12f1f212ff2f1,True,1957775951,1957775945,6
3,00022fff031ff1f2,True,2033443574,2033443568,6
3,000f2ff20132ff1f,True,2476228170,2476228164,6
3,000f2ff2ff2f0131,True,2298419288,2298419281,7
3,001fff210f1f123f,True,2292263301,2292263295,6
3,1131ff1f1201ff0f,True,2942107549,2942107544,5
3,0201ff1fff2212f1,True,2584502725,2584502719,6
3,102ff0f11f222f1f,True,1652233736,1652233730,6
3,012ff1ff0f212f12,True,1923526466,1923526460,6
3,0002f2ffff1f0231,True,2322273837,2322273831,6
3,0020f2ffff12f221,True,2635830837,2635830831,6
3,002f0ff2ff21221f,True,1990493374,1990493368,6
3,00f12f1f021f3ff1,True,2195606397,2195606391,6
3,000f2f2ff31f11f1,True,2560261716,2560261709,7
3,01f02f1ff12f221f,True,2783714883,2783714878,5
3,000f3f0f2f11f2f2,True,2464423820,2464423814,6
3,0021fff10022f3ff,True,2449187659,2449187653,6
3,0101ff2f22ff21f1,True,2454686101,2454686095,6
3,00f1f1f2f2122ff1,True,2084803761,2084803755,6
3,1011f1ff1f1ff222,True,2389721470,2389721465,5
3,00f0f2f22f221f1f,True,1950747984,1950747978,6
3,0020f2ff211fff22,True,2291674315,2291674310,5
3,0122f21f02f1ff1f,True,2476188217,2476188211,6
3,0221f2f101ffff21,True,2155967889,2155967883,6
3,002f1ff12f1f2f21,True,1635767112,1635767106,6
3,001f1ff2f2212f1f,True,1714947301,1714947295,6
3,00f02ff2f11ff222,True,2242979979,2242979973,6
3,000f3f0ff201f13f,True,2609923062,2609923056,6
3,0202ff0ff2ff2121,True,2251690800,2251690793,7
3,121fff2211fff002,True,1812833956,1812833951,5
3,00f022ffff12f221,True,2129179441,2129179435,6
3,000ff2f2ff1f2221,True,2027624823,2027624817,6
3,110ff20f1f0ff132,True,2793052734,2793052729,5
3,021ff212fff102f1,True,2091438244,2091438239,5
3,01201fff2ff1f212,True,1468413894,1468413889,5
3,00032ff20ff1ff21,True,2513884735,2513884729,6
3,00123ff10f1f2ff1,True,1773819381,1773819374,7
3,00203ff21ffff111,True,1684771288,1684771283,5
3,00003fff13fff111,True,3033513286,3033513281,5
3,000f3f0fff11113f,True,2273787728,2273787722,6
3,00f1ff1213f1f1f1,True,1868042316,1868042309,7
3,0002fff2f1311f1f,True,2141911235,2141911228,7
3,010fff12212ff2f1,True,1709123764,1709123758,6
3,0101fff22f2121ff,True,2026503944,2026503938,6
3,0101ff2f2fff2121,True,2073287831,2073287825,6
3,0101ff2f222f1ff1,True,2138416767,2138416762,5
3,0013ff21f1f10ff2,True,2568345674,2568345668,6
3,001fff120ff1f132,True,2495075306,2495075300,6
3,001fff121f130f2f,True,2102810880,2102810874,6
3,00040fff1f1f00f2,True,2040813137,2040813131,6
3,0122f12f12ff01ff,True,3260857333,3260857328,5
3,00f1123f0fff12f1,True,1915559047,1915559041,6
3,00f022ff11f222ff,True,2155981714,2155981708,6
3,000f0ff3f2f2003f,True,2616874620,2616874614,6
3,00ff112ff2f1122f,True,2561288154,2561288148,6
3,001ff1320fff02f2,True,1800153968,1800153963,5
3,0123f1ff002f1ff1,True,2061716780,2061716773,7
3,10f2f0f1f01312ff,True,2420295045,2420295040,5
3,00f121fff2ff2112,True,2825312126,2825312121,5
3,00f121ff1f2f03f1,True,1913195934,1913195928,6
3,00f121fffff10132,True,1706417514,1706417508,6
3,00fff1210f3121ff,True,2443651150,2443651144,6
3,00ff121f0ff1f123,True,2250062331,2250062325,6
3,00f11f2ff1ff0231,True,1776799299,1776799294,5
3,00132f1f01ff1f2f,True,2498709827,2498709821,6
3,0013ff2100f30fff,True,3092866453,3092866448,5
3,0002fff200f30ff3,True,2680380706,2680380700,6
3,100ff03f12f2f1f1,True,2331123166,2331123160,6
3,00fff1f2022ff212,True,2631591166,2631591160,6
3,1002f2ff11ff221f,True,3004154031,3004154025,6
3,000f13fff21f02f2,True,2863995922,2863995916,6
3,000f1f3f1f2121ff,True,2437889044,2437889038,6
3,011f1fff221f21f1,True,2518491283,2518491277,6
3,001fff2f12f2022f,True,2228627969,2228627963,6
3,00ff013fff21f112,True,2721735855,2721735849,6
3,00f2f12f21f1f21f,True,1982329033,1982329028,5
3,0003f1ffff3101f1,True,2539783096,2539783090,6
3,10f2f1f112f2f1f1,True,1649035348,1649035342,6
3,0012f2ff0013ff2f,True,2505431379,2505431373,6
3,1121f2ff202ff01f,True,2706442996,2706442990,6
3,02f2f2f101f1f1f2,True,2247026804,2247026798,6
3,00122ffff1ff1221,True,2572362539,2572362533,6
3,00f12f2f2fff0221,True,2062895913,2062895907,6
3,11f22ff111f2f0f1,True,1573451258,1573451253,5
3,11212fff1121f0ff,True,2681912440,2681912434,6
3,0012fff22fff0031,True,2040137700,2040137694,6
3,0003ff1ff1ff0131,True,2278444119,2278444113,6
3,0003fff102ff0f13,True,1966401426,1966401420,6
3,0021ffff01f3f121,True,1975312168,1975312162,6
3,001fff2f00322ff1,True,2445611024,2445611018,6
3,00f1f0f32ff11f12,True,2011808558,2011808552,6
3,131ff021f0ff201f,True,2643756352,2643756346,6
3,001ff2ff22f2f111,True,2618631761,2618631755,6
3,0120f2fff1f2121f,True,1962471528,1962471522,6
3,012f1f1ff1f10f13,True,1726778123,1726778117,6
3,002f2ff10f13f1f1,True,2021273469,2021273463,6
3,00212fff0f311f1f,True,1972772910,1972772904,6
3,01f12f1f0013fff2,True,2367926874,2367926868,6
3,010f2ff2f21f11f2,True,1804908779,1804908774,5
3,01f02f2f11f22f1f,True,2250028204,2250028198,6
3,11ff2f211f1f20f1,True,1543335820,1543335814,6
3,00f2ff12f12f02f2,True,2616188958,2616188952,6
3,0111ff2f21ff121f,True,2446522176,2446522171,5
3,010ffff222f111f2,True,2077315947,2077315941,6
3,0102ffff11f222f1,True,1815253465,1815253459,6
3,02f0f1ff22f1f112,True,1932270623,1932270617,6
3,100ff2ff121f2f21,True,2604332209,2604332203,6
3,000ff3f111fff221,True,2188248232,2188248226,6
3,00f0f31f1f2f211f,True,2960693336,2960693332,4
3,01f11f2ffff21121,True,1760389666,1760389660,6
3,11222ff1f01ff02f,True,2798425662,2798425656,6
3,000f3ff102f22f1f,True,2342173617,2342173611,6
3,00f1ff22f2ff1112,True,2112794136,2112794130,6
3,00f2ff2102122fff,True,2348196874,2348196867,7
3,0001fff3212f1ff1,True,1686156871,1686156866,5
3,0030fff1f2f2111f,True,2046423411,2046423406,5
3,00f2fff112f21f21,True,1517652113,1517652108,5
3,002ffff10ff10322,True,2335139524,2335139518,6
3,01f1fff10f3112f1,True,1986920629,1986920623,6
3,121fff10f21f12f1,True,1829715185,1829715179,6
3,0f01fff2122ff112,True,2506972757,2506972751,6
3,0121f1ff2ff11f12,True,1421491627,1421491621,6
3,03f1f1f1002fff21,True,2160236377,2160236371,6
3,00fff2121f1f2f21,True,2231316010,2231316004,6
3,200ff21f1ff1f212,True,2416397705,2416397699,6
3,02fff2120f21f1f1,True,2591177735,2591177729,6
3,000ff3f12f2f1f11,True,1939106992,1939106986,6
3,00ff2f21ff121f21,True,1936312733,1936312727,6
3,01f12f1f1122fff1,True,2477273339,2477273333,6
3,01f12f1ffff10222,True,1685775588,1685775582,6
3,01022ffff1f11f22,True,1763231703,1763231697,6
3,111f2ff2f111f0f2,True,1880712704,1880712699,5
3,000f3f1ff1ff2211,True,2529529987,2529529981,6
3,000f3ff1f11f2f21,True,2175031674,2175031668,6
3,0021fff21221ff1f,True,2292127341,2292127335,6
3,0003fff1121f2ff1,True,1746191101,1746191095,6
3,1121fff2f12f200f,True,2444879108,2444879101,7
3,000000f0ffff24f2,True,2536762338,2536762332,6
3,01f1f3f101f1ff12,True,2592869383,2592869377,6
3,10112ffff212f1f1,True,1788264078,1788264071,7
3,0121fff103f1f1f1,True,1918823958,1918823952,6
3,1102ff1f1221f1ff,True,2548504876,2548504870,6
3,110fff1f1ff12122,True,1795839420,1795839414,6
3,0202fff112f2f1f1,True,1404295219,1404295214,5
3,0202ff1ff2f211f1,True,1974960202,1974960196,6
3,00011002fff3ff3f,True,2991764197,2991764192,5
3,00ff12ff003f12f2,True,3118590732,3118590726,6
3,002fff210f22f1f2,True,2452058941,2452058935,6
3,002ffff10023ff21,True,2845426349,2845426344,5
3,002f12ff00f2f1f3,True,2115372999,2115372994,5
3,00f312ff01ff1f12,True,2261090640,2261090634,6
3,00ff12ff00232ff1,True,3372338293,3372338287,6
3,00122fff02f301ff,True,2126393878,2126393873,5
3,00f21ff200f231ff,True,2074504053,2074504046,7
3,001f2fff0ff10033,True,2334917489,2334917483,6
3,00f2f1f2f1ff0131,True,2526645374,2526645369,5
3,00031fff23f100ff,True,2440249245,2440249239,6
3,00f31f2ff21200ff,True,2412786874,2412786869,5
3,000f3ff1003f21ff,True,2593411719,2593411713,6
3,0012ffff013202ff,True,2579239682,2579239675,7
3,0000000f0ff43fff,True,2638141829,2638141823,6
3,00f130ff112f2ff1,True,2217541054,2217541048,6
3,003f01ffff2121f1,True,2125971537,2125971532,5
3,00f2f12f1ff202f2,True,1843897141,1843897135,6
3,01f2f1f101f31f1f,True,1816097665,1816097659,6
3,00f212ff0131fff1,True,2455788385,2455788379,6
3,00321fff21f10f1f,True,1842973250,1842973244,6
3,00f21fff221f21f1,True,2090549245,2090549239,6
3,00f12ff200132fff,True,2663701463,2663701457,6
3,00ff2f311f1f012f,True,2428269385,2428269379,6
3,003ff1f10031fff1,True,2759600123,2759600116,7
3,003ff1f10ff20f22,True,2015095353,2015095347,6
3,001f1fff31f112f1,True,2365164070,2365164065,5
3,00f22ff21f2102ff,True,2321755774,2321755768,6
3,000f2fff21210ff3,True,2291590489,2291590484,5
3,001f3ff101ff0f13,True,1989365798,1989365792,6
3,002ff0fff321111f,True,2611079816,2611079810,6
3,010f13ff2f1f11f1,True,2626108856,2626108850,6
3,00131fff0ff21f12,True,1960844360,1960844354,6
3,00ff1f311f210ff2,True,2810401307,2810401302,5
3,00322f2fff1f00f1,True,2501611572,2501611566,6
3,111f2ff1f0ff2022,True,1949623482,1949623476,6
3,001ffff11f2301f2,True,1986452360,1986452355,5
3,001ff1ff02123ff1,True,1967092362,1967092356,6
3,00f11fff2211f2f2,True,1959328370,1959328364,6
3,0013fff101fff212,True,1890420488,1890420482,6
3,0013fff101f12f2f,True,1647756372,1647756366,6
3,001ffff10f3121f2,True,2072444951,2072444946,5
3,0002ffff023f1f12,True,2126894620,2126894614,6
3,0003f2ff0f1f2f21,True,1928172800,1928172794,6
3,00f0f23fff2f1111,True,2913811638,2913811632,6
3,0f11f2f21f2ff111,True,1606369546,1606369539,7
3,00f023ffff21111f,True,1982391335,1982391329,6
3,00032ffff1f11f12,True,1587552939,1587552933,6
3,00f02fff1111ff23,True,2495136011,2495136005,6
3,0003ff2f02f1f2f1,True,2295632865,2295632860,5
3,0002ffff0f1303f1,True,2133512411,2133512405,6
3,0020ffff1ff32111,True,1842601975,1842601970,5
3,12f2f1f0ff10212f,True,1701676114,1701676108,6
3,0112f2ff1f21f11f,True,1792038909,1792038903,6
3,0112f2fff1f21f11,True,2062957962,2062957956,6
3,0101fff3121ff1f1,True,1802037661,1802037656,5
3,0130fff1f1ff1211,True,2210126360,2210126354,6
3,0101ffff3f21111f,True,1835075667,1835075661,6
3,02f1ff210f12f12f,True,2166638604,2166638598,6
3,0f01ff1f22f1212f,True,2312108707,2312108701,6
3,000000f1f2fff4f1,True,2551376747,2551376741,6
3,000ff3f2ff11112f,True,2028320845,2028320839,6
3,0122ff1f0ff21f12,True,2248155713,2248155707,6
3,0101ffff1f12222f,True,1856662060,1856662054,6
3,112fff111f2f210f,True,2111488482,2111488476,6
3,02f1ff210031fff1,True,2946534682,2946534677,5
3,0003ff2f0003fff2,True,3035152446,3035152440,6
3,01f221ff00131fff,True,2891634392,2891634386,6
3,0013f1ff01f103ff,True,2214698315,2214698309,6
3,0003ff2f00f302ff,True,2256010351,2256010345,6
3,002ff2f20f3101ff,True,2090674403,2090674397,6
3,1f1ff3002f002ff2,True,2221780212,2221780206,6
3,00f2f0ff321f11f1,True,2295492393,2295492387,6
3,101ff0ff201f13f2,True,2648930208,2648930203,5
3,0002000fffff1f14,True,2240505392,2240505385,7
3,0f0fff0132121ff1,True,3069194756,3069194751,5
3,0001001f23f3ffff,True,2907234914,2907234910,4
3,00f01fff2f1112f3,True,2634144121,2634144115,6
3,00fff01f1321f21f,True,2795141808,2795141803,5
3,000f1fff2f210f32,True,2451556359,2451556352,7
3,00310001ffff3f2f,True,2033439765,2033439759,6
3,00001122ffff2f3f,True,2136724180,2136724174,6
3,00010212ffff23ff,True,2863303806,2863303800,6
3,000fff1f1f3f2121,True,2650537597,2650537591,6
3,0010ffff213f1f21,True,2125571699,2125571693,6
3,000412ff0fff001f,True,2895115944,2895115938,6
3,000100f102ffff4f,True,2355323776,2355323770,6
3,0002000f0ffff2f4,True,2346209216,2346209211,5
3,001f00023fff13ff,True,3204215915,3204215911,4
3,000ff0ff30ff1321,True,3149895434,3149895428,6
3,0000012fffff0f41,True,2307470005,2307469999,6
3,00012003fffff13f,True,2509246872,2509246866,6
3,00f0f0ff1321f2f2,True,2412213277,2412213271,6
3,00f00ffff222311f,True,2590467505,2590467500,5
3,0000ffff12ff3122,True,2931439956,2931439950,6
3,001010f1fffff331,True,2100705207,2100705201,6
3,0010f02013f3ffff,True,2702471926,2702471920,6
3,0000012ffff33f1f,True,1850429205,1850429199,6
3,000f1101fffff331,True,2397872533,2397872527,6
3,0000ffff0f321f31,True,2473519516,2473519510,6
3,002100f1fff223ff,True,2155804801,2155804796,5
3,0021001ff22f3fff,True,3162544066,3162544061,5
3,000000f3ff2f2f3f,True,2596297233,2596297227,6
3,000020f2f2fff23f,True,2772244297,2772244291,6
3,000002f20fff3ff3,True,2143029480,2143029474,6
3,0001102f322fffff,True,3328576737,3328576732,5
3,0010102ffff2f2f3,True,2102263221,2102263215,6
3,002000f2f3f2ff2f,True,2774713801,2774713795,6
3,000020f2fff223ff,True,2017978934,2017978928,6
3,001002f12fffff32,True,1984035941,1984035935,6
3,00010f12ff2f3f2f,True,2767574032,2767574026,6
3,000f000f4ff1f12f,True,2588969334,2588969328,6
3,001010f2f322ffff,True,3359817170,3359817166,4
3,002020f0ff32fff2,True,3092398870,3092398864,6
3,0000112ffffff322,True,2397841021,2397841015,6
3,0000112ffff3ff22,True,2938531450,2938531445,5
3,00010f12f223ffff,True,3339630152,3339630147,5
3,000000ffff33ff22,True,3163431210,3163431205,5
3,0002002f3fff0f3f,True,2575850373,2575850367,6
3,00130022fffff12f,True,2408998118,2408998112,6
3,000100ff1ff233ff,True,2321742582,2321742576,6
3,001000fff3f3f1f2,True,2168605157,2168605151,6
3,000f2021ffff123f,True,2098029299,2098029293,6
3,00031112ffff12ff,True,3026375211,3026375205,6
3,00101132ffff21ff,True,3001915829,3001915823,6
3,000211f1fff312ff,True,1975098118,1975098112,6
3,0001022f23ff1fff,True,3106474923,3106474918,5
3,00320021ff1ff2ff,True,2732316814,2732316807,7
3,0003001fff312fff,True,2576593961,2576593955,6
3,00f00013f2f3ff1f,True,2569630955,2569630949,6
3,002001f2ff2f1ff3,True,1872962750,1872962744,6
3,000f010f3f231fff,True,2669266732,2669266726,6
3,00001232f1fff2ff,True,3554696487,3554696484,3
3,0010f2203f1ffff2,True,2522737956,2522737951,5
3,0010f0f013ff2ff3,True,2176098979,2176098973,6
3,000f0122ff1f2f3f,True,2729204445,2729204440,5
3,000f0212fff2f1f3,True,2306817942,2306817936,6
3,00f00221f3f2f1ff,True,2655128330,2655128325,5
3,00020321f1ff2fff,True,3112839215,3112839209,6
3,00100f22f2f3f1ff,True,2685131164,2685131159,5
3,00030f01f13f2fff,True,2681431556,2681431549,7
3,002200f1f32ffff1,True,2907401022,2907401017,5
3,001f00223f2ffff1,True,2564919149,2564919142,7
3,001000f33fffff21,True,2080322402,2080322396,6
3,000100ff0f124fff,True,2183057273,2183057268,5
3,000f00f13f1fff23,True,2252766308,2252766302,6
3,00010f0fff323ff1,True,2178594470,2178594464,6
3,00f01022fffff321,True,2166770022,2166770017,5
3,0001f00ff1ff332f,True,2957212152,2957212146,6
3,00f00130ffff3f12,True,1815471227,1815471222,5
3,00f021112ff3fff1,True,2983803128,2983803123,5
3,00301220fffff21f,True,2401210382,2401210376,6
3,000f1202ff2fff31,True,3413320929,3413320925,4
3,0000221ffffff123,True,2348380390,2348380384,6
3,00000f1f31f2f3ff,True,2374756174,2374756168,6
3,1002f011f32f1fff,True,2837453277,2837453271,6
3,000111f23f2fff1f,True,2721217751,2721217746,5
3,00f01121f3f2ff1f,True,2654103573,2654103568,5
3,00200f122ff3fff1,True,2655479212,2655479206,6
3,00100f30ffff321f,True,2341685385,2341685379,6
3,00000ff1f2ff33f1,True,2102820870,2102820864,6
3,00010f031ff2ff3f,True,2170822039,2170822034,5
3,000100ff1f141fff,True,2447465705,2447465699,6
3,002f001221fff3ff,True,3436755796,3436755792,4
3,000001fff1f1f1f4,True,2474384023,2474384017,6
3,001f0031f1f1fff3,True,2984016030,2984016023,7
3,001f001ff31f31ff,True,3351539738,3351539734,4
3,002f01122ffff2f2,True,1760300849,1760300844,5
3,002101f2ff320fff,True,3022114191,3022114186,5
3,002210f1fff3f1f1,True,2412032273,2412032267,6
3,00f010f1ff331ff1,True,2344926660,2344926655,5
3,00f20121ff1ff13f,True,2738347138,2738347132,6
3,001f0122ff311fff,True,2994750526,2994750521,5
3,1002f111ff3fff11,True,3246392673,3246392668,5
3,0000023f2fff2f2f,True,2514867637,2514867631,6
3,000203221ffff1ff,True,3139050915,3139050910,5
3,00000323ffff11ff,True,2960205557,2960205551,6
3,00120f211ffff1f3,True,1862430835,1862430829,6
3,001001ff2ff23ff2,True,2451890690,2451890684,6
3,00000233ffff1ff1,True,2308914168,2308914162,6
3,000002ff3fff31f1,True,2514394872,2514394866,6
3,00221212ffff0ff2,True,2686865539,2686865533,6
3,00001ff13fff3f20,True,2040362361,2040362355,6
3,000020ff232ffff2,True,2423694745,2423694739,6
3,0001f01ff3f13f1f,True,2088080081,2088080075,6
3,0000f02f23f22fff,True,2433832366,2433832360,6
3,000ff002ffff2232,True,2402200082,2402200076,6
3,00022131f1ffff1f,True,2733115511,2733115505,6
3,010f12113fffff11,True,2514977721,2514977716,5
3,000003f22ff2f2ff,True,2086605235,2086605230,5
3,00120f21ff13fff1,True,3040585368,3040585363,5
3,00010f132fff2f2f,True,2102718651,2102718645,6
3,00010f1f0ff33ff2,True,1994920979,1994920972,7
3,00000f2f3f1ff3f1,True,2177559987,2177559981,6
3,00012f120f3ff2ff,True,2407513423,2407513417,6
3,000110ffffff3311,True,2648143769,2648143763,6
3,000112f2fff1ff13,True,2405975119,2405975113,6
3,0010122fff3fff11,True,3205625063,3205625058,5
3,00013212f1ffff1f,True,2593252378,2593252372,6
3,000103f113f1ffff,True,2796009282,2796009276,6
3,002003f031ffff1f,True,2716507709,2716507703,6
3,00001f1f3fff03f2,True,2322617223,2322617217,6
3,00001f1fffff2223,True,2204440013,2204440007,6
3,0000f02f2f2ff3f2,True,2176652358,2176652353,5
3,00f01122fff13f1f,True,1711125001,1711124996,5
3,0000131fff3f1f1f,True,2672651259,2672651253,6
3,00100ff1ff22f2f3,True,2743252079,2743252074,5
3,000f0f02ff311ff3,True,2327786382,2327786376,6
3,000101fffff1014f,True,2064806444,2064806438,6
3,000110f3ffff11f3,True,1687493130,1687493124,6
3,000f01f1f1ff13f3,True,2020729656,2020729650,6
3,001f00f1f2ff2f23,True,1688159118,1688159113,5
3,002020f220fff3ff,True,3320182083,3320182079,4
3,001f10f1f3ff22f1,True,1817990217,1817990211,6
3,000210ff2ff12ff3,True,2409538962,2409538956,6
3,001101f322f1ffff,True,2676034300,2676034295,5
3,000f111f23fff12f,True,3156667241,3156667236,5
3,000f02f12ffff123,True,2020342646,2020342640,6
3,000f0f2113ff03ff,True,3105056216,3105056211,5
3,00020ff122fff13f,True,2176055075,2176055069,6
3,000f0f12f3ff01f3,True,2045224884,2045224879,5
3,002100ff3ff2f21f,True,1822429473,1822429467,6
3,001200ff2321ffff,True,3119653198,3119653194,4
3,002f00f1ff12f23f,True,2446681357,2446681352,5
3,00f100f2f23fff21,True,2704619707,2704619701,6
3,0003102ffff2f12f,True,2316355978,2316355972,6
3,0012202ff2fff21f,True,3219023315,3219023310,5
3,000120f3f2fff2f1,True,2257275625,2257275619,6
3,100ff011223f1fff,True,3091459614,3091459608,6
3,0003012f1ff2fff2,True,2876997897,2876997891,6
3,001011fff2ff23f1,True,2857462572,2857462566,6
3,001221f112fffff2,True,2503274756,2503274750,6
3,001f0222ffff0f31,True,2189021208,2189021203,5
3,000f021ff2132fff,True,2802892864,2802892858,6
3,001212f121ffff2f,True,2414432784,2414432779,5
3,0001131ff1ff22ff,True,3266991900,3266991895,5
3,00211f21f2ff21ff,True,3114978071,3114978065,6
3,00011f310ffff13f,True,2185063066,2185063060,6
3,00001f2f22ff31ff,True,3049106067,3049106060,7
3,000f102f2ff2ff31,True,2086716061,2086716055,6
3,0001f0f2ff2f123f,True,2794969611,2794969606,5
3,0002f01f2f23f1ff,True,2298865732,2298865726,6
3,000f0132ff2f2ff1,True,2133876783,2133876777,6
3,001101ff3f12f2ff,True,2157923595,2157923589,6
3,00f001f2ff2ff213,True,2435931582,2435931576,6
3,0022111fff221fff,True,2736740495,2736740488,7
3,00f002f1ff321ff2,True,2188201633,2188201627,6
3,0012121ffff10ff3,True,2672372360,2672372354,6
3,000f03121f2f2fff,True,3028983528,3028983522,6
3,00010ff21ff223ff,True,2095612007,2095612001,6
3,000f0f12f1f3f2f2,True,2487195417,2487195411,6
3,00001f2fff12f32f,True,2635607044,2635607038,6
3,000120ff2ff1f32f,True,2073928617,2073928611,6
3,000f20f1ff322ff1,True,2048096476,2048096470,6
3,000120fff21fff23,True,2386590697,2386590691,6
3,000021ff1ffff322,True,2836312011,2836312006,5
3,000f021ffff223f1,True,2248077566,2248077560,6
3,000f22212f1ff2ff,True,2511838487,2511838481,6
3,000013f2f1fff2f2,True,1933430213,1933430207,6
3,0000231fff2f2ff1,True,2180732005,2180731999,6
3,00030f21f2ff2f1f,True,2456998793,2456998787,6
3,00010f23f21f2fff,True,2632969000,2632968993,7
3,000f0f213ff2ff21,True,2177840005,2177839999,6
3,00031f11ffff122f,True,1962985204,1962985198,6
3,000f1f1121f2ff3f,True,2191349127,2191349121,6
3,00011f1f213fff2f,True,2801236683,2801236676,7
3,00021f0fffff1223,True,2372318038,2372318032,6
3,00002f1f32f2fff1,True,2107806389,2107806382,7
3,0020ff10f2ff23f1,True,2345943826,2345943820,6
3,00f010f23f22ff1f,True,2179053206,2179053201,5
3,00f001f2f3f2ff21,True,2292874259,2292874253,6
3,000021ffff3f3f10,True,2298789124,2298789118,6
3,00f021f0ff2f2f13,True,2090508172,2090508166,6
3,000ff11123ffff21,True,2094817822,2094817816,6
3,0002122ff2f2fff1,True,2789865618,2789865611,7
3,000f120ff3212fff,True,2808134803,2808134797,6
3,000f120ffff32f21,True,2036030659,2036030653,6
3,0001131f0ff1f3ff,True,2435378587,2435378581,6
3,000013f2f2fff21f,True,3081930514,3081930509,5
3,000013f2ff1f0ff3,True,2735723200,2735723195,5
3,00301f112ff2ff1f,True,2267317379,2267317373,6
3,00011f1f23ffff21,True,2346072070,2346072064,6
3,00001f2fff1f322f,True,2493377076,2493377070,6
3,000f1f022f2ff3f1,True,1912898711,1912898706,5
3,00002f1f3ff21f2f,True,1690651493,1690651488,5
3,00203f102ffff12f,True,2411291847,2411291841,6
3,0010ff202fff312f,True,2323760556,2323760550,6
3,0002f10f132fff2f,True,2846513401,2846513395,6
3,00f03210ffff221f,True,2319923842,2319923836,6
3,0001f20fff3f221f,True,2711295598,2711295592,6
3,00f01311f1f2fff2,True,2995949114,2995949108,6
3,00010f2fff12f2f3,True,2656234089,2656234084,5
3,00011ff13ff21f2f,True,1894409445,1894409439,6
3,00002f13f2f12fff,True,2168444691,2168444685,6
3,000f102fff12ff23,True,3120626906,3120626901,5
3,00300f21fffff122,True,2600914751,2600914744,7
3,00100f2ff1f2ff32,True,2557831678,2557831672,6
3,001300f21ffff22f,True,2257080180,2257080174,6
3,002100fffff321f2,True,2001115583,2001115578,5
3,001200ff2f2ff13f,True,2541170199,2541170193,6
3,001300f22ffff21f,True,2374713005,2374713000,5
3,002f00f1f3ff22f1,True,1944361297,1944361291,6
3,0003102f21fffff2,True,2771842357,2771842351,6
3,00f1101f232f1fff,True,3170306400,3170306396,4
3,001f10f121ffff23,True,1930164799,1930164793,6
3,002010ff2fff13f2,True,2335239059,2335239053,6
3,003101f1ffff12f2,True,1524643284,1524643278,6
3,002121f1ffff01f3,True,2002081505,2002081500,5
3,001f121221ff2fff,True,3293573368,3293573363,5
3,0023002ffff11ff2,True,2417050044,2417050038,6
3,0000004f1fffff21,True,2166438260,2166438254,6
3,000f00041ff1ff2f,True,2478549967,2478549961,6
3,000f00f3ff2f13f1,True,1988182553,1988182547,6
3,000f003f131fff2f,True,3087643246,3087643241,5
3,000f00fff3f1f123,True,3330882417,3330882413,4
3,002f10f12f2ff2f2,True,1924959645,1924959639,6
3,00ff201131fff2f1,True,2726265912,2726265906,6
3,001111ff3f1f12ff,True,2664107634,2664107627,7
3,000f3121f2ff02ff,True,3416684042,3416684038,4
3,0002f1f113ff21ff,True,2833435835,2833435829,6
3,0002f1f1f2ff02f3,True,2196811673,2196811667,6
3,001102fff2ff31f1,True,2861637047,2861637042,5
3,000312f1fff211ff,True,2335431578,2335431572,6
3,00000fffff2f0141,True,2808373740,2808373735,5
3,00101ff2f2ff11f3,True,1683691479,1683691473,6
3,00ff1021f3fff121,True,2507381430,2507381425,5
3,00f1102f3f12f1ff,True,2254442065,2254442059,6
3,0011f0f2f3ff112f,True,2918136957,2918136952,5
3,012121f1ffff02f2,True,1854367068,1854367062,6
3,000302f2fff20ff2,True,2713450670,2713450664,6
3,000112ff12ff3f1f,True,2933769168,2933769162,6
3,000f0322f1f21fff,True,2672300225,2672300219,6
3,00110f2f13f2f1ff,True,2288343271,2288343265,6
3,000f0f220ff3f22f,True,2322599793,2322599787,6
3,00000ff311f2ff3f,True,1949068229,1949068223,6
3,00000fff03fff232,True,2904781985,2904781979,6
3,000f0f0f1f14f1f1,True,2216718926,2216718920,6
3,00212f212fff02ff,True,2617424396,2617424390,6
3,00013f122fffff11,True,1959376907,1959376900,7
3,0002ff113fff2f11,True,1730269834,1730269828,6
3,001210ff3fff2f11,True,2484000599,2484000593,6
3,00f1102fff3f2f11,True,2001426064,2001426058,6
3,003020f2ff121fff,True,2546989839,2546989832,7
3,00f020f21f12f3ff,True,2192273264,2192273258,6
3,002020ff1ff3ff12,True,2220653576,2220653570,6
3,0002f0232fff1ff1,True,2336637460,2336637454,6
3,001ff02123fff11f,True,2311393570,2311393565,5
3,0011f02f3fff12f1,True,2284426997,2284426991,6
3,0011f02ff1ff231f,True,3109300533,3109300528,5
3,0000f0fff1f132f3,True,2282750466,2282750460,6
3,0000f0ff121ff3f3,True,2369019635,2369019629,6
3,0000f0ff1213f3ff,True,2601919480,2601919473,7
3,001f012ff231fff1,True,2954162266,2954162259,7
3,0001f1f2ff2f11f3,True,2493521061,2493521056,5
3,0020f1f113f2f1ff,True,2403719569,2403719563,6
3,000f02231f21ffff,True,3064665339,3064665333,6
3,000f02f2f11fff32,True,2313519388,2313519382,6
3,000022f3f2ff1ff1,True,1774897025,1774897020,5
3,000113f20ff2f2ff,True,2062791840,2062791834,6
3,00210f1f23ff1ff1,True,2345652857,2345652851,6
3,001f0f21f11f2ff3,True,1982281841,1982281835,6
3,00020f2f3fff12f1,True,2290842957,2290842951,6
3,000f0f22fff1213f,True,1974455271,1974455265,6
3,00200ff2f2f1f13f,True,2249117174,2249117168,6
3,00000f3fffff2113,True,2322956188,2322956182,6
3,000f0f0f13f1f23f,True,2693527043,2693527037,6
3,000f00f33f1fff21,True,2104752601,2104752596,5
3,00f011f2fff3f211,True,2264783107,2264783102,5
3,0021212fffff1f21,True,2027091813,2027091806,7
3,0012212f1ff2ff1f,True,2134194175,2134194169,6
3,002202f2f2f1ff1f,True,2235205799,2235205792,7
3,001f02f123ffff11,True,2234376292,2234376286,6
3,00f212121ff1fff2,True,2939631646,2939631641,5
3,000f12f1f1ff3f12,True,1902966594,1902966588,6
3,000f121f1ff23f1f,True,2217940732,2217940726,6
3,000f121f1f32fff1,True,2488099473,2488099467,6
3,100f2221f1ff2ff1,True,2150144329,2150144323,6
3,1001222ff2fff1f1,True,3127956754,3127956750,4
3,01f022211ffff21f,True,2146340814,2146340808,6
3,0001f21ff231ff1f,True,3462359352,3462359347,5
3,0000f22f31ff1ff2,True,2227209323,2227209318,5
3,0000232ff1f21fff,True,2387979376,2387979369,7
3,001f0f212f2ff2f2,True,1895403921,1895403915,6
3,00f10f12fff13f21,True,2010174487,2010174481,6
3,00110ff2ff2f3f11,True,2338426370,2338426365,5
3,000f0f22ff2f032f,True,2589240164,2589240158,6
3,00031f122fff1ff1,True,2443649753,2443649747,6
3,00002f2f3fff11f2,True,2234867834,2234867828,6
3,01012f0ff32ff1f1,True,2405683644,2405683638,6
3,01012f0ff11f3f2f,True,2735900321,2735900315,6
3,001f3021ff121fff,True,2976270055,2976270049,6
3,0011f02ff1f2f3f1,True,2872150477,2872150472,5
3,000ff022ff1f132f,True,2605698904,2605698898,6
3,0000f0ff331f1ff2,True,2103267509,2103267504,5
3,100ff102fff1f132,True,2445969437,2445969431,6
3,000022fff31ff12f,True,2910706507,2910706501,6
3,0021f212ffff121f,True,2074976179,2074976173,6
3,0021f2121ff12fff,True,2677040137,2677040131,6
3,0002f20f123ffff1,True,2597948002,2597947995,7
3,001f0312fff1f12f,True,2186262193,2186262186,7
3,0001f321f1ff2ff1,True,2068996027,2068996021,6
3,00120f1ff1f1f3f2,True,2466154145,2466154139,6
3,00020ff21f2ff31f,True,2056842443,2056842437,6
3,00000fff3f1231ff,True,2059912238,2059912232,6
3,00101ff23fff2f11,True,1840313741,1840313735,6
3,00212f2112fffff1,True,2497989800,2497989794,6
3,00012ff113ff2f1f,True,2481599600,2481599594,6
3,0001ff2112f1f3ff,True,2094832530,2094832524,6
3,000030fffff1231f,True,2069694584,2069694578,6
3,000ff00fff222f23,True,3168243611,3168243607,4
3,00031f12ff21f1ff,True,2620780021,2620780016,5
3,00021f131ff2fff1,True,2628226403,2628226397,6
3,00021f1fff2f31f1,True,2148861527,2148861520,7
3,00021f1ff3fff112,True,2463188146,2463188140,6
3,0002ff11ff2f11f3,True,2549041164,2549041158,6
3,00000f331f2fff1f,True,2669689265,2669689259,6
3,001f0f12ff211ff3,True,2399705687,2399705681,6
3,003fff3f00f200f2,True,2317663836,2317663830,6
3,001f102f21ff1ff3,True,2725280797,2725280791,6
3,00f000f3f0f223ff,True,2234004443,2234004437,6
3,00000fff01f41f2f,True,2423401849,2423401844,5
3,000f00fff3f112f3,True,2819142195,2819142190,5
3,00ff1012f32f11ff,True,3234747862,3234747858,4
3,002110ff312f1fff,True,3191786588,3191786584,4
3,00f2101ffff2113f,True,1697757145,1697757139,6
3,000112ff2f3f11ff,True,2703501143,2703501136,7
3,000f121f0fff0f33,True,2568891869,2568891863,6
3,000f003ff2f22f2f,True,2225926595,2225926590,5
3,003000fff222f2ff,True,2519243905,2519243899,6
3,003f10212f1f1fff,True,2979719557,2979719551,6
3,0031102f2ff1f1ff,True,2374638941,2374638935,6
3,001210ffff3121ff,True,2083432522,2083432516,6
3,0003202fff2f11ff,True,2882922445,2882922439,6
3,000f202ffff3112f,True,2322153063,2322153057,6
3,0030f0222fff11ff,True,2940868800,2940868795,5
3,00f0f02211ff2ff3,True,2379200254,2379200248,6
3,0000f0ff11332fff,True,2669214670,2669214664,6
3,001f012f23ff1f1f,True,3067664064,3067664060,4
3,00f2011ffff1213f,True,1884730781,1884730775,6
3,001201ff1231ffff,True,3187382512,3187382508,4
3,0030112ffff211ff,True,2268053243,2268053237,6
3,000f0f0ff2ff1133,True,2989074381,2989074376,5
4,00ff0013f132fff1,True,3241623972,3241623966,6
4,00ff20122f31f1ff,True,2650773560,2650773554,6
4,002f012f2f2ff2f2,True,2413066568,2413066562,6
4,00f211132ffff11f,True,1863179349,1863179343,6
4,00f2111ff3ff211f,True,2584814868,2584814863,5
4,000f21f22ff20ff3,True,2322241478,2322241472,6
4,001202ff3fff12f1,True,2421957343,2421957337,6
4,00f202f1f21ff1f3,True,2153241826,2153241820,6
4,002f021ff2f3f1f1,True,2563666316,2563666310,6
4,001f121ff1f21ff3,True,1843902063,1843902057,6
4,003100ffff312ff1,True,2079701634,2079701628,6
4,002310f2ff211fff,True,2553745675,2553745669,6
4,000f103ff121ff3f,True,2819856828,2819856823,5
4,0021f0f222ff2f2f,True,2253074792,2253074786,6
4,000ff01ff1f21f33,True,2276437025,2276437019,6
4,001112fff3ff121f,True,3046999756,3046999751,5
4,001f12f1f13ff2f1,True,1861072002,1861071996,6
4,011012fff1231fff,True,2806309936,2806309929,7
4,0002f2f10033ffff,True,3314127395,3314127391,4
4,0101f21ffff13f12,True,2168107873,2168107867,6
4,000f231212ff1fff,True,3295640455,3295640450,5
4,1001231fff2fff11,True,3528345161,3528345158,3
4,00220ff13fff112f,True,2192164419,2192164413,6
4,01011f3221ff1fff,True,2998200173,2998200167,6
4,000f103fffff2311,True,2507444145,2507444139,6
4,00f220f11ff2ff13,True,2205914988,2205914982,6
4,00f0301f1fff23f1,True,2410911062,2410911056,6
4,00f2f0212f3f1f1f,True,2186643983,2186643977,6
4,000ff031321f1fff,True,3055527687,3055527681,6
4,1003f022ffff112f,True,2378285050,2378285045,5
4,10f1f01211fff32f,True,1945917866,1945917860,6
4,002f01f232f1fff1,True,2635490874,2635490868,6
4,00f001f3ff11f2f3,True,2031504653,2031504647,6
4,00f21113fff1f1f2,True,2056496147,2056496141,6
4,000f21f20ff2f32f,True,2096435109,2096435104,5
4,000221ff032ffff2,True,2485986570,2485986564,6
4,0031f121f1ff1ff2,True,2190253001,2190252995,6
4,0002f123ffff02f2,True,2103998624,2103998618,6
4,0012f1f11fff31f2,True,1275322685,1275322680,5
4,0012f1f103f22fff,True,2284385815,2284385810,5
4,0021f1f102f2fff3,True,2660981163,2660981157,6
4,0012f1f10ff2f2f3,True,2157727180,2157727174,6
4,002f0231fff1f12f,True,2036722846,2036722840,6
4,001f0223fff11ff2,True,2746390459,2746390454,5
4,00f022f11213ffff,True,3029979204,3029979198,6
4,000f03f11f3f2f1f,True,2225245384,2225245378,6
4,001213f10fff2f2f,True,2177721393,2177721387,6
4,00120f3221fffff1,True,2615142782,2615142775,7
4,00f00f13f1ff2f13,True,2070308119,2070308114,5
4,00100ff3fff312f1,True,1990537789,1990537783,6
4,00010fff133f2ff1,True,2072442433,2072442428,5
4,00211f1f02ff3f2f,True,2354174562,2354174556,6
4,00f11f120f32f2ff,True,2203583076,2203583070,6
4,000f2f12f3f1ff12,True,2072006598,2072006592,6
4,002120fff2fff311,True,3031140566,3031140561,5
4,12f23000ff1ff2f1,True,2001792728,2001792722,6
4,00f0f0f1f2f22f23,True,2112390070,2112390064,6
4,00ff1121f2fff311,True,2451157830,2451157824,6
4,002111fff2ff3f11,True,2549703473,2549703468,5
4,001f2131ff2f1ff1,True,1830387002,1830386996,6
4,0022212ffff2f1f1,True,2099642850,2099642843,7
4,001f21f11ffff321,True,1650325123,1650325118,5
4,001f21f1ff12f1f3,True,2039735464,2039735458,6
4,0020f1322ff11fff,True,2504106459,2504106452,7
4,0002f12ff1f1f23f,True,2712696910,2712696904,6
4,0020f1f22f3ff11f,True,2265067294,2265067288,6
4,0000f1ff13f12f3f,True,1805380231,1805380225,6
4,100ff1211ff3f1f2,True,1475499735,1475499729,6
4,00f1022fff132ff1,True,2020171936,2020171930,6
4,000f122f31f2ff1f,True,2312827033,2312827027,6
4,0020f2f1ffff1132,True,1830369270,1830369263,7
4,0f01f202ff3f12f1,True,2252948544,2252948538,6
4,000f130fff1f3f21,True,2547958174,2547958169,5
4,001033f0fff2f11f,True,2380697161,2380697155,6
4,0002f3211f2ffff1,True,2501713249,2501713242,7
4,00010ffff2322ff2,True,2086061810,2086061804,6
4,000f0f1f03f3ff22,True,2258758539,2258758533,6
4,00001f3f3ff121ff,True,2283175875,2283175869,6
4,00001fffff1321f3,True,1942642107,1942642101,6
4,0002ff120ff303ff,True,2297448040,2297448034,6
4,0010ff223f1f1f2f,True,1851145069,1851145064,5
4,00f0f0311fff3f21,True,1732471063,1732471057,6
4,0010f0f31ff2f31f,True,1641536503,1641536497,6
4,0010f0fff113f3f2,True,2735942949,2735942943,6
4,001f2131f2ffff11,True,2560640864,2560640859,5
4,001f121f2f1fff31,True,2707247741,2707247735,6
4,000f22f11f1f3f2f,True,2245068343,2245068337,6
4,00f0f2212f1ff3f1,True,1703767329,1703767324,5
4,000f031fffff1312,True,2337178656,2337178650,6
4,000223f11f1f2fff,True,2312346412,2312346406,6
4,000f0ff1f4210ff1,True,2840311922,2840311916,6
4,00211ff1f3f20f2f,True,1839763178,1839763172,6
4,01f01f12f1ff321f,True,1763826312,1763826306,6
4,01f01f12f2ff1f13,True,1236257405,1236257400,5
4,01201f1f2ff13f1f,True,1835932493,1835932487,6
4,00022f1f32ff1f1f,True,2530917489,2530917483,6
4,00012f2f2f1fff31,True,2279642569,2279642563,6
4,010f2f111ffff321,True,1488251306,1488251300,6
4,1002f02f3f1f1ff2,True,1935912963,1935912957,6
4,000031f3ff21f1ff,True,2142082569,2142082563,6
4,0021f1f1ff1f2f31,True,2131755498,2131755492,6
4,00f1f112ff31f21f,True,2610229409,2610229403,6
4,0121221ffff21f1f,True,1923360511,1923360505,6
4,00201ff23f21f1ff,True,1691014828,1691014822,6
4,00301ff0f32ff11f,True,2473915642,2473915636,6
4,01221f21fff1f12f,True,2585025747,2585025741,6
4,01101f2f2ff2f22f,True,1627180954,1627180948,6
4,01101ff2ff13f1f2,True,2500282254,2500282248,6
4,00022f1ffff11f32,True,1469792847,1469792842,5
4,00102ff2ff23f11f,True,2400183667,2400183661,6
4,01212f12ff2f0ff2,True,2370861236,2370861230,6
4,00013f22f1fff2f1,True,1840652687,1840652681,6
4,000f3f011fff2f31,True,1656330688,1656330682,6
4,0010fff031f1f2f3,True,1870269212,1870269206,6
4,0010fff0f2f313f1,True,1974554303,1974554297,6
4,1002ff11f32f11ff,True,2366053847,2366053842,5
4,12f1ff3ff111200f,True,1935401385,1935401379,6
4,0011f132ffff1f12,True,2591346907,2591346901,6
4,0000f1ff3320f2ff,True,3163691931,3163691926,5
4,0010f3f0f21f31ff,True,2650400515,2650400508,7
4,00111ff2ff231ff1,True,2107369375,2107369368,7
4,00f01f22ff3ff121,True,2651236104,2651236099,5
4,00103ff012ff3f1f,True,2746410727,2746410721,6
4,0000014fff21fff1,True,3069213888,3069213881,7
4,002f0f12ff3f1f12,True,1958413507,1958413502,5
4,00210ff2ff121ff3,True,2435070670,2435070664,6
4,003f0013f1ff12ff,True,3419051075,3419051071,4
4,000f0f1f0f41ff21,True,2718517025,2718517019,6
4,000100f4121fffff,True,3214171109,3214171104,5
4,001f00ff21fff313,True,2912839907,2912839901,6
4,00f100fff213f13f,True,2653929822,2653929816,6
4,000310ff3fff11f2,True,2273552177,2273552171,6
4,002012ff21ff1ff3,True,2297635050,2297635043,7
4,003f3fff121f00f1,True,2539028373,2539028367,6
4,00f01033fff112ff,True,2411523739,2411523734,5
4,002210fff3ff121f,True,2968920055,2968920049,6
4,000f10ff40f112ff,True,2787434701,2787434694,7
4,00f2201f1ff2f1f3,True,1673593963,1673593958,5
4,001211ff2fff22f2,True,2375407455,2375407449,6
4,0003031fffff003f,True,2510369297,2510369291,6
4,003ffff300120ff2,True,2437949342,2437949336,6
4,00f110fff2ff2312,True,2783842991,2783842986,5
4,00f101f3f22f2ff1,True,1949304021,1949304016,5
4,001f01ff2f2f32f1,True,2179305555,2179305548,7
4,003121f20ffff21f,True,2399853104,2399853098,6
4,00f002ffff2f1232,True,2797028552,2797028547,5
4,002112ff2fff221f,True,2546613900,2546613894,6
4,00022ff2f2ff013f,True,2277883462,2277883456,6
4,00f110ff313fff11,True,2120028393,2120028388,5
4,101f20f2f12f2ff2,True,1671764291,1671764286,5
4,00f030f22fff221f,True,2190051967,2190051962,5
4,0003f02f22f12fff,True,2383968495,2383968489,6
4,000ff0231f31f1ff,True,2254343115,2254343109,6
4,000311fff21ff2f2,True,2247140135,2247140129,6
4,10ff21113fff111f,True,2721435545,2721435539,6
4,00f0311f1ff222ff,True,2377640707,2377640701,6
4,0003f1f10ff2f13f,True,2059041673,2059041666,7
4,013112f1fff102ff,True,2056863195,2056863189,6
4,00130ff1ffff0231,True,1874225422,1874225416,6
4,00030ff2113ffff1,True,2357078589,2357078583,6
4,00121ff2012fff3f,True,2341466763,2341466757,6
4,0001fff101f1f1f4,True,2333408172,2333408166,6
4,00f1103fff12f22f,True,1941436426,1941436420,6
4,001ff0f1fff21223,True,2075291564,2075291558,6
4,001301ffff21f2f2,True,2078195412,2078195406,6
4,0012f1f21ffff131,True,1523863647,1523863642,5
4,0001f1ff31ff13f1,True,2745860590,2745860585,5
4,000ff1f11ff1313f,True,1762228811,1762228805,6
4,0131f12101fffff2,True,2787843504,2787843498,6
4,002202f3f1f1fff1,True,2507583201,2507583195,6
4,010212ff2f2ff12f,True,2527736127,2527736120,7
4,000222ff12ffff22,True,2534011670,2534011664,6
4,0021f2f11fff03f2,True,1534611651,1534611645,6
4,002f1f12ffff1131,True,1216824850,1216824845,5
4,000f1f31f11f13ff,True,2369244322,2369244316,6
4,00011fffff3111f3,True,1790247525,1790247518,7
4,00122ff1222ff1ff,True,2273031101,2273031095,6
4,00022ff20f32f1ff,True,2017186305,2017186299,6
4,00002fff31ff222f,True,3044703771,3044703766,5
4,00002fff12f3f2f2,True,1977446294,1977446288,6
4,10ff2fff1221f112,True,2953896166,2953896160,6
4,00013f1fff2f2f12,True,1869036672,1869036666,6
4,000f3f02fff1f222,True,2207753087,2207753081,6
4,012fffff11f22211,True,2274543870,2274543864,6
4,01f2ffff012113f1,True,1552681278,1552681272,6
4,002f20f22f2fff12,True,2055758440,2055758433,7
4,1012f02fffff2122,True,2155487205,2155487198,7
4,0013212ffff11f1f,True,1752924515,1752924509,6
4,0001f1ff122fff23,True,2308865227,2308865221,6
4,0010f1ff1f2232ff,True,2101844208,2101844202,6
4,0202f11ff2f2ff21,True,2734226863,2734226856,7
4,00f0f311fff2f122,True,2449073359,2449073353,6
4,00220ff2ff2f03f1,True,2166885131,2166885125,6
4,01211ff1ff3102ff,True,1949179728,1949179722,6
4,00002fff1313f1ff,True,1990620892,1990620886,6
4,000131ff2f21f2ff,True,2150558858,2150558853,5
4,002ff1122f21f2ff,True,2369649188,2369649182,6
4,0001f1ff0f3f3f21,True,2004203282,2004203276,6
4,00f0f11f2fff2312,True,2123000851,2123000845,6
4,000222fff13fff11,True,2271366249,2271366243,6
4,000203ff3fff1f11,True,2406220790,2406220784,6
4,00221ff1031fff2f,True,2466806122,2466806117,5
4,00011ff32ff12ff2,True,2041691875,2041691869,6
4,000f1ff12f1232ff,True,2035540894,2035540889,5
4,000f1f1ff21f2f23,True,2483224306,2483224299,7
4,00011fff0312fff3,True,2109851024,2109851018,6
4,00f01ff123fff212,True,1726662115,1726662109,6
4,01102f2f1ff2ff22,True,2098670322,2098670316,6
4,1222ffff1121f01f,True,1944740006,1944740000,6
4,0001f1f3ff212f2f,True,2383286928,2383286923,5
4,0121f1f103f1fff2,True,2480442407,2480442401,6
4,000ff20f1f33ff11,True,2351062932,2351062926,6
4,0120f2f12ff2f21f,True,1681040629,1681040623,6
4,00f0131f2f2fff12,True,2435175895,2435175890,5
4,00f12312ff1f1ff1,True,1901740722,1901740716,6
4,001f0ff1232fff12,True,2086410365,2086410359,6
4,00211ff2f2f2ff21,True,1919911044,1919911038,6
4,00101ff3ff12f2f2,True,2369244520,2369244514,6
4,00122ff12f2f2ff1,True,2002675062,2002675056,6
4,00f12f2103f2ff1f,True,1998049251,1998049245,6
4,00002ff32ff22ff1,True,2191622379,2191622374,5
4,0001ff13f1f113ff,True,1946617792,1946617786,6
4,000fff113fff1131,True,1727754493,1727754488,5
4,0002f2320f2ffff1,True,2973583378,2973583374,4
4,000f0f322ff1ff22,True,2358436071,2358436065,6
4,00031f311f1ffff1,True,2387532770,2387532764,6
4,001f2f210ff2ff13,True,2619467042,2619467036,6
4,00002fff311ff3f1,True,2515879150,2515879143,7
4,00110ff3ff11f1f3,True,2579361068,2579361062,6
4,00200f3fff131ff1,True,2035278462,2035278456,6
4,001f103ff0ff1f23,True,2479118430,2479118424,6
4,00f212310fff12ff,True,2981326756,2981326750,6
4,001f0f3121ff0ff3,True,2341086306,2341086300,6
4,00ff2022f13f1f1f,True,2797295898,2797295892,6
4,002211ff22f12fff,True,2429187422,2429187416,6
4,000ff1f101f3f2f3,True,2371625995,2371625989,6
4,000302f31fff1f1f,True,2380737919,2380737913,6
4,00211ff2f2ff01f3,True,1432587474,1432587469,5
4,003120fff1f12f2f,True,1596511522,1596511517,5
4,00ff20f1322f1f1f,True,2456669849,2456669843,6
4,00ff201f1ff1f232,True,2182706617,2182706610,7
4,001f11ff3f2f121f,True,2687115106,2687115100,6
4,001f31f12fff11f2,True,1939205999,1939205992,7
4,000ff12f0f2f0f33,True,2671831692,2671831686,6
4,013ff1ff021f1f12,True,2975304474,2975304469,5
4,001f02f3f22ff1f1,True,2008717056,2008717051,5
4,001302ff1ff2f21f,True,1572509449,1572509443,6
4,001f02ff31f12f2f,True,2111864178,2111864172,6
4,000f12f3022fff2f,True,2538874197,2538874192,5
4,001203ff2ff121ff,True,2404848616,2404848610,6
4,00020f410ff1f1ff,True,2588125482,2588125476,6
4,00130ff22f1f21ff,True,1893893603,1893893598,5
4,00111f3ff2ff11f2,True,2234124765,2234124759,6
4,000f1f2f0f1f0f41,True,2290380749,2290380743,6
4,001f20ff2231ff1f,True,2453390189,2453390183,6
4,100f20ff1f1223ff,True,2438903605,2438903600,5
4,003021ff2f2f1f1f,True,2366435844,2366435838,6
4,000f21ff1f312ff2,True,1767604618,1767604613,5
4,00f131f11f1f0ff3,True,1631445357,1631445352,5
4,100131ff1ff221ff,True,2035148791,2035148785,6
4,000ff1f2123ff2f1,True,2210528246,2210528240,6
4,000f132f2fff121f,True,2720196820,2720196814,6
4,00210fff31f21f2f,True,1585673113,1585673107,6
4,00f11f1f23ff121f,True,2338607425,2338607419,6
4,000f1f2f12f32f1f,True,2380520807,2380520802,5
4,02f2ff2f01ff1212,True,1650380842,1650380836,6
4,00f210fff3112ff2,True,1925707993,1925707988,5
4,00f120ff131fff22,True,2213794749,2213794743,6
4,00f1f02f1f12f2f3,True,1907422652,1907422646,6
4,00f1f02f12f1ff32,True,1889952420,1889952414,6
4,001ff1f11f2ff132,True,1720255505,1720255500,5
4,012ff1211fff0f31,True,1451032959,1451032953,6
4,000332f1f1f10fff,True,2550840489,2550840483,6
4,00f013f2fff2112f,True,1998770153,1998770147,6
4,100ff3021f1fff22,True,2361905922,2361905916,6
4,010ff3111f22fff1,True,2768925000,2768924994,6
4,00230ff1f1ff2f12,True,1365046177,1365046171,6
4,001f0f321ff2f21f,True,1950192715,1950192709,6
4,001f0f2ff1f2231f,True,2054990871,2054990866,5
4,01321f12ff1f01ff,True,2360077036,2360077030,6
4,00032ff1031ff1ff,True,2096161055,2096161049,6
4,000f2f31f1f10f3f,True,1541943637,1541943632,5
4,0002ff1ff312f21f,True,3022534117,3022534112,5
4,1002ff0ff131ff22,True,2950198332,2950198325,7
4,00f120ffff1223f1,True,1599406186,1599406180,6
4,1002f0ff132ff21f,True,2828051550,2828051543,7
4,100ff02ff21f1f32,True,2360474077,2360474070,7
4,001f31f1f22ff11f,True,2268088339,2268088333,6
4,00f1f11ffff21213,True,2011726958,2011726952,6
4,000ff1f22f1ff132,True,1932989939,1932989934,5
4,00f0f1f22ff2311f,True,1932155153,1932155147,6
4,000f123f1ff2ff12,True,2278720884,2278720878,6
4,000312ff1f21ff2f,True,2296994037,2296994031,6
4,000f12fff12ff321,True,3036066619,3036066613,6
4,010f22f2ffff2121,True,1681144372,1681144366,6
4,00f0f2f1112ff3f2,True,2223680665,2223680659,6
4,12fff31210fff002,True,2260554310,2260554304,6
4,000f1f32f1f22f1f,True,1916561898,1916561893,5
4,000f1f23f2f21ff1,True,1645515919,1645515913,6
4,00f11f1f3f2112ff,True,1910689838,1910689833,5
4,00021fff1212fff3,True,2026637646,2026637640,6
4,00201fff2ff1312f,True,1911894641,1911894635,6
4,000f2f1f2f2f0f23,True,2360229228,2360229222,6
4,00023ff103ff0f2f,True,2153712930,2153712924,6
4,000f3f121f21ff2f,True,2204815135,2204815130,5
4,0002ff1f02ff232f,True,2761666358,2761666352,6
4,0001ff2f02f232ff,True,2208189525,2208189519,6
4,0101ff132ff1f21f,True,1704652366,1704652360,6
4,020fff01f11f322f,True,2282604352,2282604346,6
4,1f12ff2ff21f2002,True,3152146294,3152146290,4
4,00f1f11f23f12f1f,True,1759515730,1759515723,7
4,0f01f11f1ff3212f,True,1778641631,1778641625,6
4,0f0ff111f2f2f113,True,2902711532,2902711526,6
4,00f012ff2ff13f12,True,1782454168,1782454163,5
4,00f012ff2f23ff11,True,2394767967,2394767961,6
4,00f032f1fff2f211,True,1942403228,1942403222,6
4,0022f2f1ffff1221,True,1830513049,1830513043,6
4,000ff2f11f1f322f,True,2157544697,2157544691,6
4,0001f2ff1232fff1,True,2426476470,2426476463,7
4,0010f2ff12f13ff2,True,1578679505,1578679500,5
4,0010f2ff2f23f1f1,True,1748934734,1748934728,6
4,121ff2101fff2f21,True,1379302407,1379302401,6
4,0f0ff2011f32f12f,True,2427870262,2427870256,6
4,000f231f2ff11ff2,True,2259899327,2259899321,6
4,002f0ff13f12f12f,True,1531546519,1531546513,6
4,001f0ff21f12f32f,True,1601690941,1601690935,6
4,001f0f2ff321f1f2,True,2341950737,2341950731,6
4,01011fff32f2ff11,True,2337474952,2337474946,6
4,00212ff21ff12f2f,True,1123144084,1123144079,5
4,00f22f212ff2ff11,True,2396089703,2396089698,5
4,000f2f311f2ff2f1,True,1541511346,1541511341,5
4,00032ff12ff2f11f,True,1860221002,1860220997,5
4,00012ff3fff1f212,True,2125945365,2125945359,6
4,00f02f13ff2112ff,True,1982415357,1982415351,6
4,00102ffff3112ff2,True,1905777639,1905777633,6
4,01f12f12fff2022f,True,1580223235,1580223229,6
4,000f3f212ff1f21f,True,1674263715,1674263709,6
4,0010ff23221f1fff,True,2554378233,2554378226,7
4,000fff1204f101ff,True,2156430791,2156430785,6
4,0002fff1f2ff1213,True,1935977503,1935977497,6
4,0002fff11f1f033f,True,2423143571,2423143565,6
4,0001ff2fff1303f1,True,2992901327,2992901322,5
4,00f0ff2121f3f21f,True,1712807421,1712807416,5
4,0121ff12fff2121f,True,2491637081,2491637075,6
4,010fff021ff1f232,True,1725561497,1725561492,5
4,0102ff0f1f31f22f,True,2026921351,2026921345,6
4,0011f1fffff13122,True,1924570583,1924570577,6
4,200ff10ff3f1212f,True,2647319264,2647319258,6
4,1202f1f1f2ff1f12,False,0,189381306,
4,000ff21f03f13ff1,True,2380327960,2380327954,6
4,00f0f2f13f1f22f1,True,1906583373,1906583368,5
4,000123ffff1f22f1,True,2360049913,2360049907,6
4,00f0f3211fff2f12,True,1542811595,1542811590,5
4,00f11f1ff32f1f21,True,1899532319,1899532313,6
4,000f1f2f3f2ff121,True,2515019345,2515019339,6
4,01121f2fff1ff122,True,2960071877,2960071872,5
4,10022f2f1f21f2ff,True,1584632094,1584632088,6
4,10022f2ff1f22ff1,True,1605681255,1605681249,6
4,01212f1f2fff1f12,True,1775312833,1775312827,6
4,01f02f221ff22ff1,True,2354809917,2354809911,6
4,02012f2f1f1f2ff2,True,1660697104,1660697098,6
4,02f02f12f2ff1f21,True,1116662780,1116662774,6
4,00013f2ffff2121f,True,1391551242,1391551237,5
4,0001ff2f0ff223f2,True,2065446207,2065446202,5
4,0001ff2f232f0f2f,True,2644574025,2644574018,7
4,0002ff1f2f2f1f31,True,2081096149,2081096143,6
4,1002ff0f1f3f22f1,True,1909725658,1909725651,7
4,0101ff1ff3f2112f,True,2364240089,2364240084,5
4,11f2ff2f121ff102,True,2138335161,2138335154,7
4,1202ff11122ff1ff,True,2181718326,2181718320,6
4,12f1fff2111ff202,True,1584361977,1584361972,5
4,003f0f12ff122ff1,True,1984769715,1984769710,5
4,002f0f1fff322f11,True,2157195865,2157195859,6
4,00021f3fff12f1f2,True,2664129285,2664129279,6
4,00122f2fff1f0f13,True,2596608838,2596608833,5
4,002ff01f1f22ff31,True,2354028107,2354028101,6
4,0032212f01fff1ff,True,3268776435,3268776430,5
4,0003123f01ff1fff,True,3226647009,3226647004,5
4,0000124f0fff02ff,True,3070026335,3070026330,5
4,00f2103f22f1f1ff,True,2462731014,2462731008,6
4,00f3102f30ff1ff1,True,2515928061,2515928055,6
4,00ff2013f1ff122f,True,2877275073,2877275068,5
4,001f20f311ff2ff2,True,2633367470,2633367464,6
4,00ff11f12ff2113f,True,2269759144,2269759138,6
4,0033f2ff0f1200ff,True,2537559515,2537559509,6
4,000f1f2f1f1f00f4,True,2358117611,2358117605,6
4,00f320f1f1ff221f,True,2103401029,2103401024,5
4,001f20fff0331f1f,True,2384750531,2384750525,6
4,0031f1f1003ff2ff,True,2877843702,2877843696,6
4,0004021ffff101ff,True,2227836752,2227836746,6
4,001f02fff13103ff,True,2685276071,2685276065,6
4,00f212f2f12f12ff,True,2508342167,2508342162,5
4,003ff2ff1f1300f1,True,1925027229,1925027223,6
4,000f1f2f12f321ff,True,2113780815,2113780809,6
4,002f10ff3fff1221,True,2672716571,2672716566,5
4,00ff20f1f1f2132f,True,2174024812,2174024806,6
4,10ff2022f0f113ff,True,2864025195,2864025189,6
4,002130ff21ff1ff2,True,2337246579,2337246573,6
4,001ff0f22fff1123,True,1843622268,1843622262,6
4,000f12f3f3f101ff,True,1980271243,1980271237,6
4,00f3f2ff1f2f0121,True,2437936067,2437936061,6
4,00210f3fffff0023,True,2102448952,2102448946,6
4,003fff2f021f02f2,True,2603404377,2603404371,6
4,00fffff2012121f3,True,2644768400,2644768394,6
4,101f20fff11f132f,True,3017800021,3017800016,5
4,12f320fff0f1f012,True,1927431964,1927431958,6
4,00f121ff3f1f02f2,True,1795588148,1795588142,6
4,002302fff2f11f1f,True,1864478863,1864478858,5
4,003f12f10f1ff2f2,True,2092916102,2092916096,6
4,001f12ff2ff10f32,True,2123986319,2123986313,6
4,001ff2f101ff32f2,True,1659713286,1659713281,5
4,001ff21f02f21f3f,True,1972596751,1972596745,6
4,001ff2f121f20f3f,True,1493939658,1493939652,6
4,002113ff12fff1f1,True,2621428566,2621428559,7
4,00030fff1ff20f23,True,2027116505,2027116499,6
4,0f02ff112f2ff221,True,1888799426,1888799420,6
4,0f02ff11f2f22f21,True,2411344044,2411344038,6
4,101ff02f2ff2122f,True,2113295014,2113295008,6
4,002f03f2f1fff121,True,1966828236,1966828230,6
4,00040f0f02f2fff1,True,2272504878,2272504872,6
4,00030fff22f2f2f1,True,1711605908,1711605903,5
4,000f0f3fff3f0221,True,2740070780,2740070775,5
4,000f2ff2f21302ff,True,1934738560,1934738554,6
4,00f02f2f11f1f2f3,True,1983708004,1983707997,7
4,003fff1302f10ff1,True,2243865614,2243865609,5
4,020fff11fff21311,True,2313297071,2313297066,5
4,00f0f0f31211f3ff,True,2551676779,2551676774,5
4,1021f03ffff111f2,True,2157925866,2157925860,6
4,10fff0ff2022f311,True,3346243154,3346243150,4
4,020f31f12fff11f1,True,1987705874,1987705868,6
4,0f02f131ff2ff111,True,2907523491,2907523486,5
4,00ff121ff2212ff2,True,2223998671,2223998664,7
4,000f22fff2131ff1,True,1989076048,1989076042,6
4,001ff21f13ff0f22,True,2967125834,2967125829,5
4,0020f2fff22f12f2,True,2302845279,2302845272,7
4,010ff21ff1ff1231,True,3102618597,3102618592,5
4,000223fff1ff0f22,True,3224156745,3224156741,4
4,100ff321fff2f111,True,2376812392,2376812385,7
4,001f1ff2f21f22f2,True,1646939814,1646939809,5
4,002f1f1f032ff2f1,True,2175960952,2175960947,5
4,001f1f2f1f31f1f2,True,2209793017,2209793011,6
4,00f21f1ff2120f3f,True,2295061090,2295061085,5
4,10f22f21f2ff111f,True,1488410859,1488410854,5
4,010fff21f3121ff1,True,2079290237,2079290231,6
4,1312fff1f112f00f,True,2353745467,2353745461,6
4,0003f0ffff1f2222,True,2255445926,2255445920,6
4,00f121f3fff11f12,True,1248149277,1248149271,6
4,012f212fff1f0f22,True,2424206357,2424206351,6
4,120221ff1ffff112,True,2065407000,2065406994,6
4,100ff12f13f2f1f1,True,2462574871,2462574865,6
4,001f12ff1f31ff21,True,2329119168,2329119162,6
4,01ff2212f1f12f1f,True,2039313353,2039313347,6
4,00f132f12fff0f21,True,1583211849,1583211843,6
4,0002f2ff0223fff1,True,2628589831,2628589825,6
4,010ff2f1212ff22f,True,2442568289,2442568283,6
4,0012f31f21f11fff,True,2525939252,2525939245,7
4,002f1ff11f1f32f1,True,1464358710,1464358705,5
4,00211ffff21f1f31,True,1487870748,1487870742,6
4,00112f3fffff1121,True,1993729384,1993729377,7
4,00032f2ff121f1ff,True,2207639475,2207639469,6
4,001f2f1ff2f20f31,True,2096939883,2096939877,6
4,00022fff0f212f3f,True,1725287766,1725287760,6
4,010f2f1f12f22f2f,True,2529514491,2529514485,6
4,02212f1ffff2f111,True,2178567801,2178567795,6
4,00003fff1f1f21f3,True,2008962449,2008962443,6
4,0013ff12f121ff1f,True,3041217468,3041217462,6
4,0021ff1f113ff21f,True,2585266895,2585266889,6
4,0012ff1f121f1ff3,True,1917134557,1917134551,6
4,0012fff1ff211f31,True,2228183601,2228183595,6
4,003ffff10ff10321,True,2135231607,2135231601,6
4,020fff1132ff1f11,True,1694958685,1694958679,6
4,020fff021f3ff211,True,1834518388,1834518382,6
4,200ff0f21f1123ff,True,2096521977,2096521971,6
4,10f1f11f12f1f31f,True,1686802814,1686802808,6
4,0122f1f2fff121f1,True,1890843694,1890843689,5
4,02f2f1210f2ff2f1,True,2006384017,2006384011,6
4,0011f2ff321f1ff1,True,2048385500,2048385494,6
4,1003f2f1f12f1ff1,True,1734894452,1734894446,6
4,1001f2ff113fff21,True,2156487711,2156487705,6
4,010ff21f2fff2212,True,2503035227,2503035222,5
4,01f2f2ff1f121f12,True,1431157517,1431157511,6
4,00f00f3ff1f23f11,True,1943739035,1943739029,6
4,001f1f2f2ff2f212,True,1984664453,1984664447,6
4,002f1f1ff3120f2f,True,2638837108,2638837102,6
4,01031ff22f1ff1f1,True,1416872969,1416872965,4
4,00f12f1f1ff12f13,True,1150345940,1150345936,4
4,00022fff12f1f3f1,True,1784238452,1784238447,5
4,000f2f2f12f3ff11,True,1914293929,1914293923,6
4,10222ff1fff211f1,True,1642993083,1642993077,6
4,01f22f121f1ff12f,True,1975258267,1975258261,6
4,012f2f121f21f1ff,True,1743693881,1743693875,6
4,00f1ff12122ff2f2,True,1757316586,1757316580,6
4,00f1ff210ff2f321,True,2821100140,2821100134,6
4,001fff120f12ff23,True,2904383109,2904383104,5
4,01f0ff1223ff111f,True,1766953022,1766953016,6
4,1112ff3fff02200f,True,2995853218,2995853213,5
4,02f2f1212f1ff1f1,False,0,132996812,
4,0f03f121ffff1121,True,2143538441,2143538435,6
4,0f0ff121ff32111f,True,2403655459,2403655453,6
4,10f122f2ff111ff2,True,2561770523,2561770517,6
4,010f321f2ff1f11f,True,1980190857,1980190851,6
4,00f0f2f2f21f2f22,True,2171013467,2171013461,6
4,1131f2ff1f01f20f,True,1855209997,1855209991,6
4,021ff2121ff21f1f,True,1551492960,1551492954,6
4,0221f2f102f1fff2,True,2543700902,2543700896,6
4,000033ffff1211ff,True,1962525854,1962525848,6
4,01f11f1ff1f1f321,True,1962787957,1962787950,7
4,02122ff1ff2f11f1,True,846940794,846940790,4
4,0012ff1f02f23ff1,True,1679700789,1679700784,5
4,0020fff2321ff1f1,True,1956888764,1956888758,6
4,0101ff2fff1f1132,True,3072097890,3072097884,6
4,001ff132ff2f1f11,True,2914187733,2914187728,5
4,12fff10032f11f1f,True,2032074436,2032074429,7
4,000033fff2fff111,True,3060133746,3060133741,5
4,002f1ff1ff32f111,True,2378616482,2378616476,6
4,00312f1fff210f2f,True,2238422829,2238422822,7
4,0012ff1f0221ff3f,True,3157878975,3157878970,5
4,003f00f3f0f122ff,True,2207617271,2207617266,5
4,001f21ff00f313ff,True,2535769180,2535769174,6
4,000f004ff1211fff,True,2639958521,2639958515,6
4,000f004f1f2f1ff1,True,2353280585,2353280579,6
4,002f1ff121ff023f,True,2125274796,2125274790,6
4,00f321f112f11fff,True,2462787160,2462787154,6
4,003121fff1ff121f,True,3016242870,3016242865,5
4,012221ff02f2f1ff,True,2263865095,2263865089,6
4,00f3f1ff01f11f31,True,1633760206,1633760200,6
4,01f1f13102ff21ff,True,3344188143,3344188138,5
4,0031f3ff01ff02f1,True,2525312939,2525312934,5
4,00000f4f02fff12f,True,2608673218,2608673212,6
4,001ff12f0ff2123f,True,2153229938,2153229932,6
4,00f3f1ff022ff121,True,2716777802,2716777796,6
4,00ff121f1f230ff2,True,2167176892,2167176887,5
4,00ff22221fff211f,True,2764478314,2764478308,6
4,002f032ff1f112ff,True,2331684703,2331684697,6
4,001f13f2012ff2ff,True,2601555534,2601555527,7
4,000f0ff331ff121f,True,2258149270,2258149265,5
4,00121fff22ff122f,True,2803399209,2803399202,7
4,00ff1f2102f2f1f3,True,2288679794,2288679788,6
4,00f1f0f3122ff21f,True,2265074840,2265074834,6
4,01f121ff0f311f2f,True,1656194532,1656194527,5
4,01f231f121ff0ff1,True,2334147086,2334147080,6
4,00f212ff0f1f2f31,True,1794021962,1794021956,6
4,00f2f2f10f1f123f,True,1988242162,1988242156,6
4,00fff21202131fff,True,2570561494,2570561488,6
4,00f223f10fff12f1,True,1646369577,1646369571,6
4,001f0ff32ff221f1,True,1725081882,1725081877,5
4,01222ff201ff1ff2,True,2275093055,2275093049,6
4,00f2fff20023f1f2,True,2530409871,2530409865,6
4,1202ff0f130fff21,True,2291168486,2291168481,5
4,0301ff0f2f1ff221,True,1873751666,1873751660,6
4,0004f0f1ffff1111,True,2298139118,2298139112,6
4,01ff21f102f1f31f,True,2042171469,2042171464,5
4,1f12f1f01f10f32f,True,1832326759,1832326753,6
4,001ff2f21f2f21f2,True,1504503957,1504503952,5
4,00f2f2f12fff0222,True,1890739111,1890739105,6
4,000f13ff0ff21f31,True,2635086193,2635086188,5
4,002f1ff20f231f1f,True,1708187554,1708187548,6
4,000f1f3f21212fff,True,2588856958,2588856951,7
4,001f2f2ff2ff1122,True,2397578263,2397578257,6
4,00123ff20ff202ff,True,2056137474,2056137468,6
4,00223fff021f0ff2,True,2052506525,2052506519,6
4,0022fff1f2f2003f,True,2208720617,2208720611,6
4,0003ff1f212f12ff,True,2825694692,2825694686,6
4,20f2f01f10fff312,True,1754066707,1754066701,6
4,001ff2320ff21ff1,True,2693534998,2693534993,5
4,00f213f202f1fff1,True,2622138017,2622138011,6
4,0001f3ff1ff1023f,True,1819383252,1819383246,6
4,00f21f2f1ff11f13,True,1567541154,1567541148,6
4,00f12f32012fff1f,True,2137558066,2137558060,6
4,00132ff20ff1f1f2,True,1939237232,1939237226,6
4,00322f1ff1ff0f21,True,2096001852,2096001846,6
4,002f2ff11f2f0f13,True,1515048158,1515048152,6
4,0012ff2f0ff3121f,True,2472078920,2472078914,6
4,0021ff2ff2f1013f,True,2104244008,2104244002,6
4,0012ff2f2f21ff21,True,1982719126,1982719120,6
4,10f1fff211ff2221,True,1473962732,1473962726,6
4,013fff2101f21f1f,True,1657773910,1657773904,6
4,1202ff0f1f0ff231,True,1988466449,1988466443,6
4,00f1f03f2ff1f212,True,1718111686,1718111679,7
4,000001214f1fffff,True,3222311119,3222311116,3
4,02f1f1f1012f3ff1,True,2046540534,2046540528,6
4,002ff21ffff10213,True,2182920326,2182920320,6
4,01f1f21f0ff1132f,True,1695541589,1695541583,6
4,132ff200f1f01ff2,True,1901376235,1901376230,5
4,000f13ff21f2ff12,True,2995350821,2995350817,4
4,12f2f300f120f1ff,True,2740420385,2740420378,7
4,00f22f1f2f310f1f,True,1636841299,1636841294,5
4,101f2ffff2f22111,True,2256443341,2256443334,7
4,002fff212f2f022f,True,2440676374,2440676368,6
4,012fff1f12f20f22,True,1818416738,1818416732,6
4,212fff21002ff1f2,True,1951249332,1951249326,6
4,00f1f2f2f2121ff2,True,2114906374,2114906368,6
4,210ff20ff1212f2f,True,2361916284,2361916278,6
4,000ff31f1ff222f1,True,2220005423,2220005417,6
4,01202ffff1311f1f,True,1681892994,1681892988,6
4,000f3ff1ff2103f1,True,2167242903,2167242898,5
4,00f2ff12f21f2f21,True,2127155792,2127155786,6
4,0003ff1f1f1f032f,True,2506381384,2506381378,6
4,00f0fff312212f1f,True,1823572415,1823572410,5
4,1021ffff2f2111f2,True,1406516868,1406516863,5
4,01f1ff1221f21f2f,True,1116119673,1116119668,5
4,0121ff1f2f12f12f,True,1985197831,1985197825,6
4,01f1fff2ff212121,True,2524704422,2524704416,6
4,01f0f2f2ff12122f,True,1789256658,1789256652,6
4,01f2f311ffff1111,True,2193241928,2193241923,5
4,213f1f10f1f0f21f,True,1969656014,1969656008,6
4,00ff2f120f12f31f,True,2219915476,2219915470,6
4,001f2f2ffff10312,True,1952803215,1952803209,6
4,01f13f121ff11f1f,True,1362176438,1362176433,5
4,002fff21f1212ff2,True,2176829285,2176829280,5
4,0001ff3f2f211f2f,True,1996915466,1996915460,6
4,00f2ff120213ff1f,True,2794346880,2794346874,6
4,00f130ff21ff22f1,True,2469190462,2469190457,5
4,100ff0f321ff122f,True,2134289917,2134289911,6
4,00ff21f22fff1122,True,2158609835,2158609829,6
4,013f21f102ff1ff1,True,2557917850,2557917844,6
4,01f121fff2f101f3,True,1544202721,1544202714,7
4,01f121fff21f01f3,True,1885018404,1885018398,6
4,00fff0fff1321221,True,3538971791,3538971788,3
4,00ff212f0ff21f13,True,1892693688,1892693681,7
4,00f2f1f201f32ff1,True,1891246693,1891246687,6
4,102ff1f112f221ff,True,1910392752,1910392746,6
4,0021f2ff01f21f3f,True,1645114156,1645114150,6
4,00122fff00f232ff,True,2304671414,2304671408,6
4,002f2ff101f31f2f,True,1579564923,1579564918,5
4,0031f1ff1212f1ff,True,2865948713,2865948708,5
4,001ff13ff21f022f,True,3163243744,3163243740,4
4,01f132f201ff1ff1,True,2355763654,2355763648,6
4,00f2f2f221ff0f22,True,1681858704,1681858699,5
4,001f13fff21f112f,True,3178079634,3178079630,4
4,0012f3ff00f31ff1,True,2018961554,2018961548,6
4,00ff1f3102f2f2f1,True,2422322075,2422322069,6
4,00ff1f312fff0221,True,2061807409,2061807403,6
4,00f12fff312102ff,True,2637015716,2637015710,6
4,0031ff1f002f1ff3,True,1869615701,1869615695,6
4,00fff1f20f22131f,True,1991179675,1991179669,6
4,002ff1ff01f2f312,True,2828213097,2828213091,6
4,01f2f1f2f21f022f,True,2739491060,2739491053,7
4,00ff321f2f1f02f1,True,2695407663,2695407655,8
4,0003f2f3ff1f00f2,True,2478425456,2478425450,6
4,00f113ff21fff211,True,2660002918,2660002913,5
4,00ff1f31fff20122,True,2433261114,2433261107,7
4,00f21f3f1ff20f21,True,1642464932,1642464926,6
4,00f12ffff231111f,True,1773062985,1773062980,5
4,0031ff132ff100ff,True,2555845792,2555845786,6
4,0013ff1f12ff21f1,True,2371730061,2371730055,6
4,0003fff212ff121f,True,2459528687,2459528680,7
4,00ffff210022f23f,True,2940538577,2940538572,5
4,0f01ff2f2f22f121,True,1967948955,1967948949,6
4,00fff02321f1ff12,True,2264847822,2264847816,6
4,0032f1ff0221fff1,True,2659779968,2659779961,7
4,0221f1ff1fff1212,True,2238649669,2238649663,6
4,0030f2ff2ff1121f,True,1653025299,1653025293,6
4,00f1f2ff1ff10322,True,1786072008,1786072002,6
4,102ff2f1112f2f1f,True,2092509612,2092509606,6
4,101ff2f211fff221,True,1434395906,1434395901,5
4,100ff2ff2f31111f,True,2201480795,2201480789,6
4,000f23fff1f103f1,True,2661663999,2661663994,5
4,00ff2ff11f12222f,True,2372741098,2372741092,6
4,001f2fff2122f2f1,True,1924831435,1924831430,5
4,00ff2f1f0f231f12,True,2382260352,2382260346,6
4,012f2ff2f21f11f1,True,1423925352,1423925347,5
4,12f12f1fff01130f,True,1373444906,1373444901,5
4,00ff3f1202ff1f12,True,2145812765,2145812759,6
4,0032fff1f1ff0212,True,1897851344,1897851337,7
4,001fff3212f10f2f,True,1925525513,1925525507,6
4,00f1fff2031f21f2,True,1925773553,1925773548,5
4,01f1fff112f2212f,True,946328171,946328167,4
4,00fff2311112fff1,True,3087792915,3087792909,6
4,011ff2f22ff1211f,True,1598664716,1598664710,6
4,110ff2f2f121ff12,True,1780183600,1780183595,5
4,0f21f21fff1f2121,True,2017403265,2017403258,7
4,01301fffff22111f,True,1661221913,1661221907,6
4,00222ffffff10222,True,1963043589,1963043583,6
4,012f2f1f0f22f12f,True,2364411797,2364411791,6
4,11ff2f11f2f220f1,True,2145872516,2145872510,6
4,02f12f1ff1ff2121,True,1680651240,1680651234,6
4,0013ff2f0f1f03f1,True,1957259119,1957259113,6
4,001ffff203f20f22,True,2153588454,2153588448,6
4,1212fff102f121ff,True,1511401569,1511401564,5
4,00ff302fff121f21,True,2314943629,2314943622,7
4,01f2f12ff1f1f212,True,2397450422,2397450415,7
4,021ff1f2ff2f1112,True,2081155077,2081155071,6
4,1f12f1311fff200f,True,1842232968,1842232962,6
4,10f1f2f2ff2111f2,True,1802834655,1802834649,6
4,11f1f213f1fff002,True,2562778924,2562778918,6
4,00f023fff1112f2f,True,2070139823,2070139817,6
4,0022f32f0f1ff1f1,True,2605398162,2605398156,6
4,0002f3ffff1f0131,True,2225402991,2225402984,7
4,10f22ff1f1f21f21,True,1238308712,1238308707,5
4,11112ffff321f00f,True,1992664260,1992664254,6
4,00f13ff11f310f1f,True,1798331853,1798331847,6
4,0012ffff2f2f1212,True,1902864876,1902864870,6
4,00f1fff2f3f10122,True,2312998481,2312998474,7
4,0122fff1f12112ff,True,1837804195,1837804189,6
4,010fff311ff22f11,True,1618032749,1618032744,5
4,02f2ff21022f1f1f,True,1886320799,1886320793,6
4,12f2f1f022f0f21f,True,1882522762,1882522756,6
4,122ff11f130ff10f,True,3273738792,3273738787,5
4,121ff1f2f2f01f12,False,0,188030423,
4,002ff31ffff11112,True,2114169409,2114169403,6
4,002ff3f1ff12021f,True,1955087460,1955087455,5
4,011f2ff2fff11212,True,860089078,860089074,4
4,02022fffff1221f1,True,1256524126,1256524121,5
4,001f3ff10f22f2f1,True,1799916051,1799916045,6
4,00ffff120f1f2312,True,2643906108,2643906102,6
4,00f1ff2f0f2132f1,True,2420018988,2420018982,6
4,1011ff3fff1211f1,True,2971886406,2971886402,4
4,0130ff2ffff11112,True,2421764409,2421764403,6
4,0212fff112f1f1f2,True,1590629735,1590629729,6
4,0212ff2ff1f121f1,True,1864284024,1864284019,5
4,0032fff11112fff1,True,2563896125,2563896119,6
4,002ff1ff003f023f,True,3083512089,3083512084,5
4,0032ff1f0f12f1f2,True,2500159408,2500159402,6
4,00ff12ff1f3201f2,True,3072018533,3072018528,5
4,00ff1f3201ff21f2,True,2332348483,2332348477,6
4,003f21ff012ff2f1,True,2584038744,2584038738,6
4,101f30ff22ff11f1,True,2927402462,2927402456,6
4,003ff1f2022f0f2f,True,2151783385,2151783379,6
4,002f1fff13f201f2,True,2270334434,2270334428,6
4,01f2312ff1f101ff,True,2572862682,2572862677,5
4,0023f1ff0ff212f1,True,1684474061,1684474055,6
4,00f2f1ff0ff32121,True,1606309576,1606309570,6
4,00f222fff22f11f1,True,1872694817,1872694811,6
4,0003f2ff21f121ff,True,2108234514,2108234508,6
4,00321fff12f10ff2,True,1858476229,1858476223,6
4,00ff1ff202311ff2,True,2939214171,2939214165,6
4,001fff2f023f022f,True,3169186283,3169186278,5
4,00fff02f2f1312f1,True,2588769387,2588769381,6
4,00f1f1fff2f30221,True,2343582888,2343582883,5
4,00f1ff1f023212ff,True,2287565321,2287565315,6
4,1f1fff00f121f213,True,3022294224,3022294219,5
4,00fff0f2f02f2312,True,2773364965,2773364959,6
4,00fff02ff0f12322,True,2738448278,2738448272,6
4,00f11fff211132ff,True,2742087974,2742087968,6
4,000f2fff02f32f21,True,2734611568,2734611561,7
4,0f0fff11ff321211,True,2799770274,2799770270,4
4,001010f02fffff14,True,2095928712,2095928706,6
4,00f11fff31f21f21,True,1589218530,1589218524,6
4,00fff1f13f2112f1,True,2154485588,2154485582,6
4,12f1f132f02ff00f,True,2847359954,2847359948,6
4,001f1ffff2111f32,True,2318053041,2318053035,6
4,000f2fff2ff10322,True,2889847833,2889847828,5
4,00f02fff31f21f21,True,2041611490,2041611484,6
4,00f1ff1f23f211f1,True,1629226727,1629226722,5
4,000ffff2231f11f2,True,1925353575,1925353569,6
4,0f01f1ff131f21f2,True,2113736607,2113736601,6
4,000ffff20322ff21,True,2865065625,2865065620,5
4,010ffff1112f32f1,True,1966592058,1966592052,6
4,0101fffff22f1131,True,2436002110,2436002105,5
4,0f0ff11f22221f2f,True,2878099598,2878099593,5
4,00ff1f1ff3121f21,True,2660873247,2660873241,6
4,010f1ffff321f112,True,2202698989,2202698982,7
4,00fff02f11f223f1,True,2564085349,2564085343,6
4,000f0021fff4f1f1,True,2316618872,2316618866,6
4,000ff1ff212f23f1,True,2851142979,2851142974,5
4,0f01ff0f2f23f121,True,1817557087,1817557081,6
4,00fff0f1ff131222,True,2481755407,2481755401,6
4,00010113fffff23f,True,2547400909,2547400903,6
4,00f01ffff3f31111,True,2235727424,2235727418,6
4,0020001ffff3f32f,True,2310651884,2310651878,6
4,000ff1fff211232f,True,2957855504,2957855499,5
4,000f1fff3f1f2221,True,2497748975,2497748969,6
4,0f01ff0f11f3f222,True,2008065238,2008065232,6
4,0f0ff10f2f31122f,True,2616169358,2616169353,5
4,000fff1f3f22121f,True,2606660283,2606660277,6
4,0000210fffff41f1,True,2663373915,2663373909,6
4,000ff1ff02320ff3,True,2457395085,2457395079,6
4,000f00031f3f3fff,True,3026801804,3026801798,6
4,000ff0ff1222f23f,True,2764700450,2764700445,5
4,000f0fff3f2f1131,True,2522044730,2522044723,7
4,000f000f21fff4f2,True,3138079998,3138079994,4
4,000ff0ff23f1311f,True,3116615011,3116615007,4
4,0000022ff3ff1f3f,True,2592287979,2592287973,6
4,002002f0fff3f13f,True,2377182892,2377182886,6
4,00201f10ffff3f13,True,1593663157,1593663152,5
4,0000030f3fff1f3f,True,2572099288,2572099282,6
4,000002f204f1ffff,True,2580964574,2580964569,5
4,00021f013ffff13f,True,2202809096,2202809090,6
4,00f0fff02f3f1311,True,2742595043,2742595037,6
4,000f000f01f4ff3f,True,2636704328,2636704323,5
4,000000fff14f2f2f,True,2764922344,2764922338,6
4,00f21011f3ff22ff,True,3429790398,3429790394,4
4,00220122ffff03ff,True,2997770196,2997770191,5
4,002f00123f2f2fff,True,3029340710,3029340705,5
4,001210f12ff23fff,True,2774984334,2774984329,5
4,001110f2ffff232f,True,2404131866,2404131860,6
4,00f11012f2ffff32,True,2399009689,2399009683,6
4,001201f132ffff2f,True,2408529456,2408529450,6
4,0001121fffff223f,True,2721430595,2721430589,6
4,000ff0012ff323ff,True,2344968326,2344968321,5
4,00112122f2fffff2,True,2862738169,2862738162,7
4,00203012fffff2f2,True,2189120567,2189120561,6
4,0010f0f0f22f3ff3,True,2049140811,2049140805,6
4,0010f0f032f2fff3,True,2264414801,2264414794,7
4,000001ff4f2ff1f1,True,2086251229,2086251223,6
4,0000310fff3ff22f,True,2849037649,2849037643,6
4,00000f1f41f12fff,True,2170743455,2170743449,6
4,0001003f0f3f3fff,True,3092712674,3092712670,4
4,001000f32ffff2f3,True,1733804353,1733804347,6
4,0011003fffff13f2,True,2130019224,2130019218,6
4,002f000ff1f3ff23,True,2558934754,2558934749,5
4,000020f31f3f2fff,True,2613518885,2613518879,6
4,001202312ffff1ff,True,2860301085,2860301080,5
4,001102f21fff32ff,True,2667411651,2667411645,6
4,000202f2f2ff31ff,True,2936260321,2936260315,6
4,001100f3ffff32f1,True,1655795635,1655795630,5
4,001f0013ff1ff23f,True,2622138243,2622138237,6
4,0013001fff3f2f1f,True,2532833961,2532833955,6
4,001100ffff3f321f,True,2895575618,2895575613,5
4,00f1001ff23fff31,True,2551820169,2551820163,6
4,000f002f1fff14f1,True,2750770606,2750770600,6
4,000f00f2f21ff33f,True,2709053794,2709053789,5
4,00f010f1f0ff14f2,True,1856511708,1856511702,6
4,200210f1fff321ff,True,1973985574,1973985568,6
4,0012012ff12ffff3,True,2761335771,2761335764,7
4,000f0131fff231ff,True,2042092197,2042092191,6
4,000312122fff1fff,True,3401804308,3401804304,4
4,0003101fff3ff2f1,True,2364419533,2364419527,6
4,001120f2f3fff1f2,True,2039250702,2039250696,6
4,0021201fffff31f2,True,2327255963,2327255957,6
4,000020fff32f1ff3,True,1997133956,1997133950,6
4,0002f00f133f2fff,True,3051840917,3051840912,5
4,0012012fff3ff21f,True,2789565115,2789565109,6
4,00002f03ff13ff2f,True,3247081186,3247081181,5
4,00002f0ffff1f323,True,2235835964,2235835958,6
4,00f020223fff2f1f,True,2134735823,2134735817,6
4,100f20213fff1ff2,True,2440569212,2440569206,6
4,000002fffff332f1,True,1788620933,1788620927,6
4,000f1301f2fff1f3,True,2304530478,2304530472,6
4,00201f12ffff3f12,True,1670552700,1670552695,5
4,001001ff3fff3f12,True,2402569379,2402569373,6
4,00f02112f3ff2f1f,True,2377848521,2377848515,6
4,0101f202f3ff1f2f,True,2404028290,2404028284,6
4,000103f11f3ffff2,True,2153972020,2153972014,6
4,00110f22f3ffff12,True,2610641757,2610641750,7
4,00000f32fff13ff2,True,2055400239,2055400233,6
4,00010ff1f3231fff,True,2397667956,2397667950,6
4,00010ff1f4210fff,True,3001997801,3001997796,5
4,00100ff13f1fff32,True,1781715533,1781715527,6
4,00020f0fff2133ff,True,2281654418,2281654412,6
4,01011f12ff3f2ff1,True,1619749061,1619749056,5
4,00f03020f3fff21f,True,2767247073,2767247068,5
4,002030f0ff1f23ff,True,2517056253,2517056247,6
4,00f21111fff2f31f,True,2017675051,2017675044,7
4,0000113ffffff321,True,2149589660,2149589654,6
4,00102123fff2fff1,True,3398627963,3398627959,4
4,0000f11f13f3fff2,True,1958318925,1958318919,6
4,000f2211fffff231,True,1923273918,1923273912,6
4,0001221ff23fff1f,True,2837959522,2837959516,6
4,00f022203ffff21f,True,2338936259,2338936253,6
4,0002f211ffff132f,True,2132288129,2132288123,6
4,00010f13fff123ff,True,1819239721,1819239715,6
4,00001f1f2f10ff4f,True,2793944255,2793944250,5
4,00002f03ff3ff12f,True,2961400342,2961400336,6
4,001013f0f2ff3f1f,True,2821994856,2821994851,5
4,00131022ff1ffff2,True,3078856737,3078856731,6
4,00210123fff2ff1f,True,2998039052,2998039047,5
4,00210f12f123ffff,True,3293286422,3293286417,5
4,00200f30fff3f1f2,True,2671342421,2671342415,6
4,00010f1f0f42fff1,True,2769715077,2769715072,5
4,000f002f1f3ff23f,True,3162592987,3162592983,4
4,000002ff0f2f1ff4,True,2011336758,2011336753,5
4,000200ffff410f2f,True,2494669973,2494669968,5
4,00321021ffff12ff,True,2938059795,2938059789,6
4,001f102221fff3ff,True,3440955664,3440955660,4
4,0001013f1ffff23f,True,2406590667,2406590661,6
4,000f01f1f23f1ff3,True,2092001671,2092001665,6
4,001001ff23ff1ff3,True,2334102403,2334102397,6
4,00ff0021ff31f13f,True,2553974895,2553974889,6
4,001110fff2fff223,True,3075398134,3075398129,5
4,1002202ff1ff13ff,True,3239593247,3239593242,5
4,00002f1ffff042f0,True,2243926124,2243926118,6
4,00f0102331f1ffff,True,3066031421,3066031417,4
4,001101f3ffff13f1,True,1570631814,1570631808,6
4,001101ffff3f311f,True,2639839783,2639839777,6
4,00f0111fff2322ff,True,2370582388,2370582382,6
4,000f221231ff1fff,True,3287933556,3287933551,5
4,00010323ffff11ff,True,2976106255,2976106249,6
4,00020ff11ff331ff,True,2015489447,2015489441,6
4,001f10f1f232ff2f,True,2589987594,2589987588,6
4,001101ffff3ff222,True,2372182925,2372182918,7
4,000f11f1ffff1331,True,1968374059,1968374053,6
4,001002f331f1ffff,True,2499351994,2499351988,6
4,000012ffff1f0f41,True,2378378954,2378378948,6
4,00101f31f1f31fff,True,2309450686,2309450681,5
4,00011f1f0f3f2f3f,True,2697612004,2697611998,6
4,00001ff20ff332ff,True,1989302594,1989302588,6
4,00022f123ff1ff1f,True,2074400019,2074400014,5
4,000f20f13222ffff,True,3189862869,3189862865,4
4,0003210ffff31ff1,True,2091137127,2091137121,6
4,000212321f1fffff,True,3216622440,3216622438,2
4,001112f2ff3f1f1f,True,2036174524,2036174518,6
4,0021121f1ff1fff3,True,2648358957,2648358951,6
4,0011122fffff1f13,True,1791329819,1791329813,6
4,0002122fffff1f13,True,1928310512,1928310506,6
4,0000321fffff113f,True,2754689113,2754689107,6
4,00200ff1232ff2ff,True,2422382407,2422382401,6
4,00100ff2ffff2223,True,2174390847,2174390840,7
4,00001f32fff0f3f2,True,2093900391,2093900385,6
4,00002f1f2fff22f3,True,2211319900,2211319894,6
4,0001302fff131fff,True,2301306113,2301306106,7
4,00f0f021f113f3ff,True,3097765193,3097765187,6
4,0001f131f2f22fff,True,2326983545,2326983538,7
4,002012f22f22ffff,True,2735418745,2735418739,6
4,000122f2fff11f3f,True,1529345209,1529345204,5
4,001003f2ffff31f1,True,1645264671,1645264666,5
4,00020f13ff3fff11,True,3157501436,3157501430,6
4,000f0f1204f1f1ff,True,2119487027,2119487021,6
4,00020ff1f3ff1f13,True,1608230160,1608230154,6
4,00010f2ffff13f31,True,1881468937,1881468931,6
4,00200f1f3ff3f1f1,True,1796990521,1796990515,6
4,00111f22f2ff2ff2,True,1856197160,1856197154,6
4,00001f2f0fff3f32,True,1845590697,1845590692,5
4,00022f212f2ffff2,True,2187340856,2187340850,6
4,00012f0fff322f2f,True,1679580513,1679580507,6
4,100f2022f3ffff11,True,2671775087,2671775081,6
4,000230f1fff22f2f,True,1749185016,1749185010,6
4,0020f0f1f3f22f2f,True,2007372118,2007372112,6
4,1001f01ff3fff131,True,2652880505,2652880499,6
4,001011ff3ff1f31f,True,1985826113,1985826107,6
4,0001f1f1f3ff131f,True,2956198983,2956198978,5
4,0001f11f13fff3f1,True,2942909634,2942909629,5
4,00f0f2103f3ff11f,True,2308455129,2308455124,5
4,00221311ffff1ff1,True,2250984466,2250984460,6
4,00001f23fff0f2f3,True,2240809525,2240809519,6
4,00f01f112f2f3ff2,True,1893219831,1893219825,6
4,0003f111ff3f1f1f,True,3000683110,3000683105,5
4,0010f2f0f3ff311f,True,3057809449,3057809444,5
4,00001ff2f113ff3f,True,2369272689,2369272683,6
4,0030102ffff3ff11,True,2636871677,2636871671,6
4,001f01f1f2ff004f,True,2243341238,2243341232,6
4,00030f121ff1ff3f,True,1977340113,1977340107,6
4,00211f12ff320fff,True,2944117002,2944116996,6
4,000201ff0ff1f14f,True,2201097212,2201097206,6
4,000f00f3fff21f32,True,2446746273,2446746267,6
4,000220ff1fff322f,True,2892802802,2892802797,5
4,0002302f2fff12ff,True,3043037258,3043037252,6
4,000f0232ffff21f2,True,1574980247,1574980241,6
4,000202ff1ffff223,True,2531540352,2531540347,5
4,000f0f2203fff13f,True,2257299569,2257299563,6
4,00f000ffff32321f,True,2588743751,2588743745,6
4,003f1012f1ffff22,True,2662091668,2662091663,5
4,002f1013fffff122,True,2046244838,2046244832,6
4,100f201f1fff23f2,True,2678527191,2678527185,6
4,001f012ff1f2f32f,True,2516384805,2516384799,6
4,0f01f102ff2f2f31,True,2666489963,2666489958,5
4,000202f3f21f2fff,True,2308167209,2308167203,6
4,00f1021ff23ff2f1,True,2353010708,2353010703,5
4,00f012312ffff1f2,True,1701864513,1701864507,6
4,0032101ff22fff1f,True,2712931321,2712931315,6
4,001f102ff312f2ff,True,2665455486,2665455481,5
4,200f10f130fff31f,True,2415293784,2415293779,5
4,001f20f1ff2213ff,True,2089943174,2089943168,6
4,0002f02f12fff3f2,True,2704349100,2704349095,5
4,00f0f0f0f1ff3223,True,2790889794,2790889788,6
4,00f101f2ff3ff221,True,2329673161,2329673155,6
4,1001f11f2fff12f3,True,2325415118,2325415112,6
4,00f1021fff321f2f,True,1726453399,1726453394,5
4,00f012f1ff3f221f,True,2074719876,2074719870,6
4,0001321fff2fff21,True,3438076271,3438076267,4
4,000123f10fff1f3f,True,2146343878,2146343872,6
4,00000f3f3fff12f2,True,2006357332,2006357326,6
4,000f0f031232ffff,True,3171307822,3171307817,5
4,000f0f0f1f3f232f,True,3073623751,3073623747,4
4,000f0f0ff1022f4f,True,2585790106,2585790100,6
4,000f1123fff12f2f,True,1671090887,1671090881,6
4,0010f1f2ff2f12f3,True,2039391690,2039391684,6
4,00f102f1fff1f232,True,2030778832,2030778826,6
4,000f022f2ff2ff31,True,2106811418,2106811413,5
4,00021f31f2fff1f2,True,1877065670,1877065664,6
4,00011ff21232ffff,True,3112301695,3112301690,5
4,0020ff11f3f21ff2,True,2191107803,2191107798,5
4,0101ff0222fff3f1,True,1906496066,1906496060,6
4,1001f02ff2ff321f,True,3087914749,3087914744,5
4,0001213ff21fff2f,True,2928981719,2928981713,6
4,0010f12322ffff1f,True,2588785019,2588785013,6
4,00f0121f2f2f3ff1,True,2332938901,2332938895,6
4,0030f2112ffff12f,True,2240942792,2240942786,6
4,000ff211ffff1232,True,1876306530,1876306524,6
4,0020f2f0fff32f12,True,2287883641,2287883635,6
4,000213f103fffff1,True,2741732962,2741732956,6
4,00210ff13f2fff21,True,1885057864,1885057859,5
4,000f1f12f3ff03f1,True,1766654034,1766654028,6
4,00122f21fffff221,True,2296522153,2296522146,7
4,00302f112ff2ff1f,True,2185563447,2185563441,6
4,00012ff112f2fff3,True,2194705299,2194705293,6
4,00012f1f2f2ff31f,True,2474087028,2474087022,6
4,00f02f11f23fff12,True,2396716569,2396716563,6
4,00f02f202f3fff21,True,2051400291,2051400285,6
4,00013f210ff1f3ff,True,2038303070,2038303064,6
4,0001ff2103f3fff1,True,2622186485,2622186479,6
4,001120fff31fff22,True,2577874306,2577874301,5
4,001ff021ffff3221,True,1975637700,1975637695,5
4,0002f02f3ff22f1f,True,1730423492,1730423486,6
4,100ff021f32f1ff2,True,2076332170,2076332164,6
4,002022f2ff122fff,True,2474039825,2474039819,6
4,0001f2f13ff21f2f,True,1725467773,1725467768,5
4,0010f2f12f3f2f1f,True,2001535000,2001534994,6
4,00f10312ff21f2ff,True,2222485473,2222485467,6
4,00000f3ffff2231f,True,1664258728,1664258722,6
4,000f0f0ff3f1322f,True,2685185584,2685185578,6
4,00f01f12fff32f21,True,1605084539,1605084534,5
4,01011f1ff12ff3f2,True,2140467453,2140467447,6
4,00012f31ff2f1f2f,True,2252221311,2252221305,6
4,00002f2ff2f123ff,True,1964253116,1964253110,6
4,0001f1f2ff32f12f,True,2773333468,2773333462,6
4,00210f132f12ffff,True,2855303191,2855303186,5
4,00110ff2ff21f2f3,True,2512144304,2512144298,6
4,00f000fff0f412f2,True,2464306692,2464306686,6
4,00000f3fff221f3f,True,2167104139,2167104133,6
4,000f1f21ff130f3f,True,2066789238,2066789233,5
4,000f003ff2f213ff,True,2276275080,2276275074,6
4,000f00fff1322f3f,True,2607068722,2607068716,6
4,00f120132fff12ff,True,2993569226,2993569220,6
4,002f0032f0fff31f,True,2614118540,2614118534,6
4,000300f30f31ffff,True,3192803805,3192803801,4
4,000f00ff22f3f3f1,True,2680036959,2680036953,6
4,001f10f22ff31f2f,True,1723541427,1723541421,6
4,0013012f2ffff12f,True,2404768190,2404768183,7
4,002f2121f2ff21ff,True,3383450499,3383450495,4
4,0001213f12ff2fff,True,3033190034,3033190029,5
4,000f12f11f3f0ff3,True,2026569792,2026569786,6
4,01f3ffff0003121f,True,1790741059,1790741053,6
5,000f1033ffff221f,True,2241830786,2241830780,6
5,002f20311f2f2fff,True,2954681851,2954681845,6
5,00ff20211ffff232,True,1889193679,1889193673,6
5,0003013f03fffff1,True,2779494703,2779494696,7
5,002f01f2f23f2ff1,True,2167623366,2167623360,6
5,00ff1121f232f1ff,True,2621315523,2621315518,5
5,00f102f2fff212f3,True,1510778324,1510778318,6
5,001f20f2f0f1f33f,True,1974871387,1974871381,6
5,0032012fff2f1ff2,True,1880987944,1880987938,6
5,000221ffff3f122f,True,2472714937,2472714931,6
5,00f1f121fff301f3,True,2418642151,2418642145,6
5,00f11f2101fff3f3,True,1590336882,1590336877,5
5,000f1f2221fff23f,True,2092691304,2092691298,6
5,02023f01f2f2fff1,True,2431915366,2431915359,7
5,0010fff03f2f3f12,True,2077435216,2077435211,5
5,1102ff01322ffff1,True,2630072440,2630072434,6
5,1102ff0132ffff12,True,1997259076,1997259070,6
5,000ff013f22f1ff3,True,2082205651,2082205645,6
5,200ff1023f1fff22,True,2149527085,2149527079,6
5,010112ff21f3fff2,True,1487755273,1487755267,6
5,0010223fffff21f2,True,2037428476,2037428470,6
5,002f0f12f3ff21f2,True,1389957905,1389957899,6
5,00010fff04ff212f,True,2841445137,2841445131,6
5,000f0f1fff4f2111,True,2464008423,2464008417,6
5,00f0f01f23ff32f1,True,2571261602,2571261596,6
5,001f11f2ff3ff212,True,2394844851,2394844846,5
5,00f1f121123ffff2,True,2570847680,2570847674,6
5,0011f12ffff2123f,True,1949274795,1949274789,6
5,0020f213ff22ff1f,True,3236017320,3236017315,5
5,12f2f3ff1011f0f2,True,2030158732,2030158726,6
5,00220f1ff2f12ff3,True,1582968206,1582968200,6
5,00022ff1ff22f3f1,True,1902413314,1902413308,6
5,00003f1fff2f231f,True,2501507647,2501507641,6
5,0020ff123f2ff21f,True,1977035216,1977035210,6
5,000130fff132ff2f,True,2285504266,2285504260,6
5,0031211f2ff1fff2,True,2726799316,2726799310,6
5,002131f103fffff1,True,2623769139,2623769132,7
5,0002f132ff2fff21,True,3229867351,3229867346,5
5,0000f13fff213f2f,True,2786652560,2786652554,6
5,0000f13ffff1f330,True,2524868995,2524868989,6
5,0020f231fff212ff,True,2100145410,2100145404,6
5,0301f2022f2ff1ff,True,2363424781,2363424775,6
5,0f01f202f1ff322f,True,2460825449,2460825443,6
5,001f1321f2fff2f1,True,2624224976,2624224970,6
5,20021f0fff23f21f,True,2651578789,2651578784,5
5,03ffff31001f1f12,True,1984942059,1984942054,5
5,002f20f1ff2ff312,True,1858708424,1858708419,5
5,0001f0ff2f2ff331,True,2091993895,2091993888,7
5,100f2131ff2ff21f,True,2429804398,2429804391,7
5,00f10322fff2f21f,True,2016921089,2016921083,6
5,000013ffff2ff123,True,2165626441,2165626435,6
5,010f23021f2f2fff,True,3015153301,3015153295,6
5,00230f21fff2ff12,True,2859459027,2859459021,6
5,00030ff1ff213f2f,True,2093021787,2093021782,5
5,00100f3ffff223f1,True,1569520474,1569520469,5
5,000f0f1f3f1f23f2,True,2329081440,2329081434,6
5,01201f1f22ffff31,True,1873641411,1873641405,6
5,00222f12f3f10fff,True,2469555080,2469555075,5
5,00102ff2ff23f21f,True,2405497167,2405497161,6
5,00003f1f0f13f3ff,True,2233160013,2233160008,5
5,000212fff31fff22,True,2712242106,2712242100,6
5,012f2211ff2f2ff1,True,1852862910,1852862904,6
5,00211ff12ff3ff21,True,1946336086,1946336081,5
5,000f1f032f1ff32f,True,2227359639,2227359633,6
5,00001fffff202f14,True,2043919271,2043919264,7
5,01212f12f2ff2f1f,True,2241182931,2241182925,6
5,0002ff21f2f2f13f,True,2353493378,2353493372,6
5,0001ff03f1ff2f32,True,1785920515,1785920509,6
5,000f0ff1ff312f32,True,2344988061,2344988054,7
5,00211f130f13ffff,True,2909409768,2909409764,4
5,000100f4f2f12fff,True,2241492000,2241491994,6
5,003100ff30ff3ff1,True,2526323565,2526323559,6
5,000f1033f22ff1ff,True,2895161477,2895161472,5
5,000f01ff312f32ff,True,3220599764,3220599762,2
5,001f12f10f3f1ff3,True,1955988652,1955988646,6
5,0014ffff0ff10022,True,2188599938,2188599933,5
5,001f01fff2f3f222,True,2868094831,2868094826,5
5,0000024f1ff12fff,True,2773180402,2773180396,6
5,002f02f2f21ff1f3,True,1902616327,1902616321,6
5,001312f2f1fff1f2,True,2148387650,2148387645,5
5,1212f220ff21ff1f,True,3246663677,3246663673,4
5,100f3301ff12fff1,True,3221592077,3221592072,5
5,02ffff2f002f2131,True,2876392263,2876392256,7
5,0013103fff121fff,True,2373298985,2373298979,6
5,00ff101ff1323f1f,True,2810166804,2810166798,6
5,00f110ff3f12f13f,True,1735709778,1735709772,6
5,00f0203ff222f2ff,True,2746040426,2746040420,6
5,001f30f1f1f31f2f,True,1357539872,1357539867,5
5,0004011ffffff121,True,2089730437,2089730431,6
5,002f21f1f2ff1f13,True,1612359922,1612359917,5
5,00ff21122ff11f3f,True,1865094469,1865094463,6
5,001f1232121fffff,True,3320405656,3320405652,4
5,010f122fff2f11f3,True,2621277234,2621277229,5
5,000f1ff11f140ff2,True,2102722001,2102721995,6
5,00202f3211fff2ff,True,3036981293,3036981288,5
5,00f3fff301211ff1,True,2082917762,2082917756,6
5,002220f31f2fff1f,True,2340140211,2340140205,6
5,003020ff3ff1f1f2,True,1727206186,1727206180,6
5,000230ff231f1fff,True,2621303269,2621303264,5
5,000230ff1f3f2ff1,True,1801930323,1801930317,6
5,0011f0ff1f312ff3,True,1565379971,1565379966,5
5,101ff0223fff11f2,True,1476729820,1476729815,5
5,002211fffff1f132,True,1945690572,1945690566,6
5,000f113ffff1f132,True,2119337913,2119337907,6
5,002131f22f2f0fff,True,2394872707,2394872700,7
5,003022f22f1f1fff,True,2202900940,2202900934,6
5,000f22f2ff1f213f,True,1981059979,1981059973,6
5,00130ff11ffff213,True,1572092954,1572092948,6
5,00110fff1f3f231f,True,2442341467,2442341460,7
5,00221f1f13ff1ff2,True,2065284517,2065284511,6
5,00f21f21032ff2ff,True,2372402050,2372402044,6
5,00f21f210f322fff,True,2742815151,2742815147,4
5,0011f0fffff22223,True,2083361887,2083361881,6
5,100ff0f11f3f231f,True,1934255421,1934255415,6
5,000f11fff3f1f213,True,3016361055,3016361049,6
5,001321f2ff1f1ff2,True,1657848432,1657848426,6
5,02f02113f2f11fff,True,2658103114,2658103108,6
5,020f211f12ff3f1f,True,3047998476,3047998473,3
5,020121ff2f311fff,True,2210640856,2210640850,6
5,000f31f11ffff231,True,1891108425,1891108419,6
5,000f311fff3f21f1,True,2582121567,2582121561,6
5,0021f12f1f312fff,True,2117992023,2117992017,6
5,0030f1f113ff2ff1,True,1392540693,1392540688,5
5,0010f13f1ff32ff1,True,1809978324,1809978317,7
5,002f121f3f12f1ff,True,2254235738,2254235732,6
5,0002232ffff211ff,True,2130733925,2130733919,6
5,1002f321f1ffff12,True,2796856632,2796856625,7
5,000f2f0f332fff11,True,2582533057,2582533051,6
5,000f2f0fff113f32,True,2164867229,2164867223,6
5,000230ffff131ff2,True,1674028351,1674028345,6
5,0011f0f33ff21ff1,True,1876469224,1876469218,6
5,0002f0f33f121fff,True,1844809341,1844809335,6
5,001f01f33f12ff1f,True,2234135695,2234135689,6
5,101f2131ff2ff1f1,True,1836271423,1836271418,5
5,100f212ffff21f31,True,1863117808,1863117803,5
5,020f211ff321ff1f,True,3175934481,3175934476,5
5,01f13121ffff121f,True,1940789886,1940789880,6
5,011022ffff2ff311,True,2078837992,2078837986,6
5,001f3212fff112ff,True,2241056176,2241056170,6
5,0011f2f2211ff3ff,True,2784669144,2784669137,7
5,002ff2112ff3f1f1,True,1593485387,1593485381,6
5,0101f232f1ff1f2f,True,2161969507,2161969501,6
5,0130f2212fffff11,True,2112250827,2112250821,6
5,000f0f2f31f13f2f,True,2240552241,2240552235,6
5,01f01f22ff3f211f,True,2083231518,2083231512,6
5,00202f32f1fff21f,True,2618847792,2618847786,6
5,00f02ff031fff231,True,2438781939,2438781933,6
5,100f2f1211ff3f2f,True,1897774646,1897774640,6
5,01022ff13f1f2ff1,True,1727805811,1727805805,6
5,0021ff211f1fff32,True,1580685212,1580685206,6
5,000fff11f12f3f31,True,2183694015,2183694009,6
5,00f0ff113f23f1f1,True,2224883132,2224883126,6
5,0201ff12fff321f1,True,2364211212,2364211206,6
5,1213fffff02f2002,True,2048920894,2048920888,6
5,000ff0f2ff1323f1,True,2132095323,2132095317,6
5,000f31f13f12f1ff,True,1947674615,1947674609,6
5,00f031f1f31ff1f2,True,2120531299,2120531293,6
5,00f2f1211ff23f1f,True,1400610873,1400610867,6
5,000ff1f1f3f231f1,True,2096988225,2096988219,6
5,000ff1f1f31f1f32,True,1995288318,1995288312,6
5,0121f131fff1f2f1,True,2415384496,2415384490,6
5,010f122fffff2311,True,2227215694,2227215687,7
5,000f222ffff13f12,True,1881996111,1881996105,6
5,0101f2f231ffff21,True,1297803901,1297803895,6
5,01f0f2211fff3f12,True,1523059417,1523059412,5
5,0120f2f1f13fff21,True,2650467844,2650467838,6
5,000f0ff2ff1f3231,True,2321236931,2321236925,6
5,00f00ff2f2f2f322,True,2558371790,2558371784,6
5,00121f2f1f1ff32f,True,2132228725,2132228719,6
5,00011fff33fff121,True,2493918213,2493918207,6
5,000f1f1f1f12f3f3,True,2279724273,2279724267,6
5,100f2f1231f1fff2,True,1959964397,1959964391,6
5,02022f0f1f3ff12f,True,2592556869,2592556864,5
5,101ff022ff1f2f31,True,1889308766,1889308760,6
5,100ff0f1231ff3f1,True,1989756137,1989756132,5
5,100f3122ffff1f21,True,1436270066,1436270061,5
5,01f13121fff11f2f,True,1494560918,1494560913,5
5,0010f1fff2223ff2,True,1988058335,1988058329,6
5,000032ff1f32fff1,True,2298284847,2298284841,6
5,0021f231ff121fff,True,2784087386,2784087381,5
5,001f23211ff2ff1f,True,2329458338,2329458332,6
5,000f2303ff2f1f1f,True,2784065964,2784065959,5
5,00f0f3202fff1f13,True,1834437587,1834437581,6
5,0000141ff2ff0f2f,True,3194272850,3194272845,5
5,00031f31fff12f1f,True,1540716682,1540716677,5
5,00f21f123ff1f2f1,True,1507798522,1507798517,5
5,000f1f31f31f2ff1,True,1957527353,1957527347,6
5,00011ff32f13fff1,True,2079446670,2079446664,6
5,000f1f1ff1f114f1,True,2232873452,2232873446,6
5,01021f2ff1fff312,True,2077239594,2077239588,6
5,010f1f0f3f2f311f,True,2927102071,2927102066,5
5,0000141fffff121f,True,2517520315,2517520309,6
5,00011f3fff231ff1,True,1705706153,1705706148,5
5,00220f2ff1f1ff32,True,1945074693,1945074687,6
5,001f0f13ff2f0f32,True,2500951554,2500951549,5
5,003f002ffff2113f,True,2044582840,2044582834,6
5,0000114ff2ff11ff,True,3266435267,3266435262,5
5,002f0223f2ff02ff,True,3446000640,3446000636,4
5,001100f4f1f12fff,True,2193830210,2193830204,6
5,002f00f3ff3f21f1,True,1584787182,1584787177,5
5,001f01fff2f30f32,True,2109884189,2109884184,5
5,002f21f11f3f12ff,True,2242850464,2242850458,6
5,00011fff0ff402f2,True,2044573863,2044573857,6
5,003310f1f1ff2f1f,True,2318785670,2318785664,6
5,001f01ffff3321f1,True,1921277456,1921277450,6
5,002302f2ffff02f2,True,1527019060,1527019055,5
5,0003023f0ffff22f,True,2357188494,2357188489,5
5,000f02ff23f30ff2,True,2497828828,2497828823,5
5,011f12f1f1ff123f,True,2138685498,2138685492,6
5,00200f33f1ff12ff,True,3028322792,3028322787,5
5,00002fff4ff0f300,True,2780923518,2780923512,6
5,0004ff3f0ff2000f,True,2927657932,2927657927,5
5,00f021fffff11133,True,1875795530,1875795524,6
5,01f121f203ff1ff2,True,2153096607,2153096601,6
5,000f12f3f3ff02f1,True,1753090674,1753090668,6
5,000f12f30ff32f1f,True,1916771280,1916771275,5
5,012f3fff121201ff,True,2437915562,2437915557,5
5,002ff031ffff1131,True,1923577188,1923577183,5
5,00f1f02f20f1f3f3,True,1859755579,1859755573,6
5,000401f2ff1ff1f1,True,2230724236,2230724230,6
5,000f213fffff1222,True,2468310993,2468310987,6
5,000f21ffff2221f3,True,2124915063,2124915058,5
5,01f22131ffff021f,True,1736775601,1736775595,6
5,001f023fff210f3f,True,2146834706,2146834700,6
5,00ff2212f1ff131f,True,2829886281,2829886277,4
5,000ff21fff2f0041,True,2934622315,2934622309,6
5,00f113f11ff20ff3,True,2690182506,2690182500,6
5,012ff3ff021f12f1,True,2643179116,2643179110,6
5,002f0f1ff23f031f,True,2943679400,2943679395,5
5,00201ff3212f2fff,True,2484826703,2484826697,6
5,000f1f2ff2f3212f,True,2220813603,2220813597,6
5,100ff02f22fff231,True,2769601368,2769601362,6
5,2022f01f1fff22f2,True,2201438032,2201438027,5
5,000f21f30f32ff1f,True,2333154472,2333154466,6
5,00f021fff2f22f13,True,1699109681,1699109675,6
5,0022f1f223ff0ff1,True,1878125150,1878125144,6
5,011f122ff1f22f2f,True,2474581508,2474581502,6
5,00f11313ffff11f1,True,1353383580,1353383574,6
5,00f023f12ff221ff,True,2190743482,2190743475,7
5,00131f31ff1f02ff,True,1948473246,1948473240,6
5,00f11f1f0ff3231f,True,1600938899,1600938893,6
5,000f1f2ff23f0f13,True,2763256724,2763256718,6
5,00f22f2112f22fff,True,2357438270,2357438264,6
5,001f2f2221fff22f,True,2106552957,2106552951,6
5,200fff01f30ff132,True,2910323052,2910323047,5
5,002f212f1ff1ff31,True,1917787645,1917787639,6
5,12f22121f2fff0f1,False,0,237636847,
5,000ff12fff2212f3,True,2356745431,2356745425,6
5,1001f13f1ffff113,True,1840046814,1840046808,6
5,020ff1222fff12f2,True,1324145723,1324145717,6
5,1f1ff1fff0132022,True,2450406266,2450406259,7
5,0003123fff1ff1f1,True,2487950038,2487950031,7
5,01f022f2f12ff2f2,True,1439350200,1439350195,5
5,002f3212fff102ff,True,2274513640,2274513634,6
5,0001f23f3fff111f,True,2447748855,2447748849,6
5,03fff2f10022f2f1,True,2737427636,2737427631,5
5,00f113f1fff2212f,True,1641665499,1641665494,5
5,002f0ff1ff13222f,True,1673753563,1673753557,6
5,00f11f1f132f2ff2,True,1925163076,1925163071,5
5,00f11f1f2f22f1f3,True,1847358435,1847358429,6
5,00021fff2f231f2f,True,1799154138,1799154133,5
5,00201fff23f21f2f,True,1709012932,1709012927,5
5,010f1ff12f1322ff,True,1668844309,1668844303,6
5,00203f1ff2f1ff22,True,1889131232,1889131226,6
5,012ffff32f1201f1,True,1469379327,1469379322,5
5,1102ff21f21f2f2f,True,1745674985,1745674979,6
5,100f20ffff222f31,True,2035606929,2035606922,7
5,001ff0f21f1f33f1,True,1703095727,1703095722,5
5,101ff0f12213fff2,True,2429110862,2429110855,7
5,0212f1f10f13f2ff,True,2292778108,2292778102,6
5,012f1231f11ffff1,True,2971218134,2971218127,7
5,0121f21f13f1f1ff,True,2104048851,2104048845,6
5,1f22f2ff2f01300f,True,1843367697,1843367691,6
5,002303f1f1ffff11,True,2293906505,2293906498,7
5,001f131f2f122fff,True,2693520956,2693520950,6
5,00f023f11f2f2ff2,True,1600919604,1600919598,6
5,000ff321fff31f11,True,1858151647,1858151642,5
5,01f0f311f22f2ff1,True,2183135725,2183135718,7
5,000f1f23f21ff2f2,True,2145100505,2145100499,6
5,00201fff3f22ff12,True,1856487727,1856487721,6
5,00302ff1f2221fff,True,2352520887,2352520881,6
5,010f2f0fff0f2331,True,2290495369,2290495363,6
5,000f3f210132ffff,True,3059498798,3059498793,5
5,00013f2ffff11f31,True,1339960132,1339960127,5
5,0022ff123ff11f1f,True,1397680639,1397680634,5
5,0010fff2fff21322,True,2814305604,2814305599,5
5,02ffff310f1212f1,True,1711047522,1711047517,5
5,03f2ff1300f11ff1,True,2135041957,2135041952,5
5,023121f1f1f1fff1,True,2780885644,2780885637,7
5,20f2f1111ffff222,True,1303190471,1303190466,5
5,0f0ff1113f2f122f,True,2240721099,2240721093,6
5,002122ffff12f22f,True,1553190283,1553190276,7
5,100222ff1ff3ff11,True,2014814906,2014814900,6
5,01f0222ff3ff1f11,True,2404071368,2404071363,5
5,12ff2200f230f1ff,True,2863799668,2863799662,6
5,100f320f1f2f2f2f,True,3272398573,3272398568,5
5,0001f2f3f2fff212,True,2494252156,2494252151,5
5,0001f2fff232ff21,True,2896787694,2896787688,6
5,010f131ff2ff2f12,True,2780557508,2780557503,5
5,0002f3f1f2ff0f31,True,2176682199,2176682193,6
5,000ff31222f1ff2f,True,2324042878,2324042871,7
5,010f1f312ffff212,True,1313802292,1313802287,5
5,000f2f1322ffff21,True,2066015628,2066015622,6
5,00102ff3ff22f21f,True,2208586987,2208586982,5
5,00102ffff221f3f2,True,2084154699,2084154693,6
5,100f2f22ff111ff3,True,2260941650,2260941644,6
5,100f2f0fff32122f,True,2305726778,2305726773,5
5,01212f31ff1f1f1f,True,2061428497,2061428491,6
5,02032f211ffff11f,True,1799908835,1799908829,6
5,00223f21f1ff1f1f,True,1943728106,1943728099,7
5,000f3f211f1f1ff3,True,1563673068,1563673063,5
5,00103ff222ff2ff1,True,2146077263,2146077257,6
5,0003ff213f1f02ff,True,2023171826,2023171820,6
5,000fff1213ff1f13,True,1833186508,1833186502,6
5,0001fff22ff22f13,True,1946242975,1946242969,6
5,1011f0ff232fff12,True,1978310502,1978310496,6
5,0020f1ffff1f2322,True,2187001391,2187001385,6
5,0221f1f10f23ff1f,True,2334400075,2334400069,6
5,00f0231f1f31ff1f,True,2269923271,2269923265,6
5,00103ff22ff2f12f,True,1682374218,1682374212,6
5,11ff3ff11f12f021,True,1714728055,1714728050,5
5,0002fff113222fff,True,2419978100,2419978093,7
5,0020fff11f2f23f2,True,1611841048,1611841043,5
5,001f1f311ff1ff31,True,2178655593,2178655586,7
5,002301fff1f30ff2,True,2019997269,2019997263,6
5,002ff0f122ff21f3,True,1627228360,1627228354,6
5,000f1114fff111ff,True,2509032568,2509032562,6
5,000f31f202ff31ff,True,2859860103,2859860097,6
5,000312fff1ff22f2,True,2686902358,2686902352,6
5,000213ff02fff13f,True,2973213116,2973213110,6
5,000f1f23013f2fff,True,3012570944,3012570937,7
5,000f1f322fff013f,True,1784964840,1784964835,5
5,00f320f21f2f2ff1,True,1728578086,1728578080,6
5,002f20fff12f32f1,True,2519957144,2519957138,6
5,00ff202f1f12f23f,True,2624161181,2624161175,6
5,0014012ffff10ff1,True,2851304165,2851304159,6
5,001f21ff312f1ff2,True,2280653920,2280653914,6
5,00fff12121ff132f,True,2616041860,2616041854,6
5,00f202fff221f1f3,True,2092502534,2092502528,6
5,00f2131f022f2fff,True,3166050002,3166049998,4
5,00f31f1212fff1f2,True,1390504505,1390504499,6
5,00ff1f1200f3ff23,True,2404617695,2404617689,6
5,00121fff0041ff1f,True,2434339810,2434339804,6
5,00f3fff200311f2f,True,2369878256,2369878251,5
5,10ff20131ff2f2f1,True,1741533461,1741533455,6
5,10f120ff1f13f2f2,True,875052041,875052036,5
5,00f0f03f11f23ff2,True,2263292418,2263292413,5
5,00f311f2221ffff1,True,2189384832,2189384826,6
5,00ff21312f21f1ff,True,2375946862,2375946856,6
5,00ff211fff31212f,True,2449120031,2449120025,6
5,001f21ff2f1f1f32,True,2103848741,2103848734,7
5,001f12f3f21f1f2f,True,1858675763,1858675757,6
5,01f212f2f1f2f1f2,True,2619199100,2619199094,6
5,003113f2ffff01f1,True,1631733977,1631733971,6
5,00f00ff3f32f11f2,True,2047382160,2047382155,5
5,0012fff121ff123f,True,1802543688,1802543682,6
5,0021ff1f1f3f013f,True,2312330122,2312330116,6
5,00f030ffff3121f2,True,1976944695,1976944689,6
5,00f030ff1f32f2f1,True,2252575370,2252575364,6
5,0023f0f21ff12ff2,True,1910839755,1910839749,6
5,000ff03ff1f2231f,True,2443055899,2443055893,6
5,0030f0ffff23211f,True,2230978297,2230978292,5
5,01f131f10ff31f1f,True,1647010251,1647010245,6
5,0021f1ff2ff2222f,True,1662579453,1662579447,6
5,0212f1f21ff221ff,True,1673581220,1673581214,6
5,002f02fff3221ff1,True,2082342053,2082342047,6
5,000ff22322ff1ff1,True,2287032097,2287032091,6
5,0002f23f03f1f1ff,True,2592469334,2592469328,6
5,0030f2f2221f1fff,True,2181086306,2181086299,7
5,000ff2f21f1f0f33,True,1776084730,1776084724,6
5,11fff2f21f1f2022,True,1724919991,1724919986,5
5,001f23f10ff131ff,True,1951692242,1951692236,6
5,00f00f3ff1132ff2,True,2575658858,2575658853,5
5,10023ff1fff2f211,True,2159934924,2159934918,6
5,01f1fff300312f1f,True,1324145404,1324145398,6
5,022ffff200311f2f,True,1621966446,1621966440,6
5,1312ff00f12f1ff2,True,1662743488,1662743482,6
5,10f1f0f2ff13122f,True,1691022385,1691022379,6
5,102ff01ffff31212,True,2157202873,2157202867,6
5,012221ff3f1f0f1f,True,2490089225,2490089220,5
5,00f1f132f22f1f1f,True,2241968368,2241968362,6
5,0012f13ff22f1ff1,True,2595436477,2595436471,6
5,00fff1211fff2321,True,1533576343,1533576337,6
5,00fff1211f212ff3,True,1639752216,1639752210,6
5,001ff12f2131fff2,True,2840275942,2840275935,7
5,1f12f2ff101f30f2,True,1566200694,1566200688,6
5,0011f32ff2ff11f2,True,2788341820,2788341814,6
5,00121fff311ff2f2,True,1882621629,1882621623,6
5,000f2f2f0f22f2f3,True,2130910678,2130910673,5
5,00202ffff3f211f2,True,1939807884,1939807879,5
5,10212ff2121ff2ff,True,2165421950,2165421943,7
5,02f12f21ff21f2f1,True,2041302258,2041302252,6
5,00213f1fff212f1f,True,1546183436,1546183430,6
5,00003fff213f1f2f,True,2697542650,2697542644,6
5,0003ff0f2f2f11f3,True,1971296167,1971296161,6
5,121fff00232f1f1f,True,2195494820,2195494813,7
5,12f1ff231f01f20f,True,1479952439,1479952433,6
5,00f121f3f22fff11,True,2163381773,2163381766,7
5,10f1f11f12f3ff12,True,1533426466,1533426460,6
5,100ff1f21fff2321,True,1356324697,1356324691,6
5,21fff10021f123ff,True,2410566553,2410566547,6
5,0201f1ffff21231f,True,1807526711,1807526705,6
5,12f2f1ff1301ff02,True,1793152314,1793152308,6
5,0f3ff1f1f12112f1,True,1725257480,1725257474,6
5,012f12f2f12fff21,True,2395270683,2395270677,6
5,012122ff2ff1f21f,True,1654718184,1654718178,6
5,0011f2fff22113ff,True,2546218024,2546218017,7
5,0011f2ff1f1ff223,True,1924726694,1924726689,5
5,0110f2fff12213ff,True,2474828369,2474828363,6
5,02f1f21231ff0f1f,True,1907332909,1907332903,6
5,1f2ff2f1f1001f32,True,1716248366,1716248360,6
5,00f11ff23f12ff12,True,1865535180,1865535174,6
5,01021fff211f3ff2,True,2124512173,2124512167,6
5,00022f3ff1122fff,True,2537843177,2537843170,7
5,00f12ff1f2f31f21,True,1496346118,1496346113,5
5,00f02f2f1ff1322f,True,1775598520,1775598514,6
5,10012f3fff2ff211,True,2859985384,2859985378,6
5,012f2f21022ffff2,True,2437604288,2437604282,6
5,01f12f22ff112f2f,True,1635421393,1635421386,7
5,020f3f111f2f2ff1,True,1690659876,1690659870,6
5,0120ff1ff2ff1132,True,1950708403,1950708397,6
5,00f0f0f33ff12f12,True,2033086953,2033086947,6
5,00f1f12f13f1ff22,True,1797605909,1797605903,6
5,100ff12ff21ff321,True,2941006117,2941006110,7
5,12f1f11222ffff02,True,2101773471,2101773464,7
5,001ff21f03f1ff13,True,2170340963,2170340958,5
5,000ff2f22f2f2f22,True,1768919167,1768919162,5
5,000ff22f2f12ff31,True,1952092829,1952092822,7
5,002f131ffff2f121,True,1949877282,1949877276,6
5,002023fff2f1ff12,True,1843035001,1843034995,6
5,0f11f3ff221111ff,True,2319220295,2319220290,5
5,00112ff3ff112ff2,True,2383483463,2383483458,5
5,00032f2f2f12fff1,True,2074261884,2074261879,5
5,000f2ff2ff312f12,True,1840282667,1840282661,6
5,102f2f12f2ff1f12,True,950466120,950466115,5
5,10012ff3ff2121ff,True,1550171989,1550171983,6
5,01f22f21f2f1f1f2,True,1980326001,1980325995,6
5,01102f3fff1f21f2,True,1540063553,1540063547,6
5,11f22f3ff1021f0f,True,2023921865,2023921860,5
5,00f13f212ff12ff1,True,2694879990,2694879984,6
5,0021ff1f3f2211ff,True,1860717094,1860717088,6
5,0103ff12ff2f211f,True,3007511528,3007511523,5
5,0101fff2f32112ff,True,1965758581,1965758574,7
5,0202ff0f21f31f2f,True,1789326194,1789326189,5
5,0f03ff2f1111f22f,True,2316556348,2316556343,5
5,10fff111ff321f21,True,2174750798,2174750792,6
5,111f22f1f31ff10f,True,2677043625,2677043619,6
5,001ff2f11f13ff22,True,2207527065,2207527059,6
5,000ff22f1f2f3f21,True,2558240856,2558240850,6
5,0122f2f10f1ff3f1,True,1773851956,1773851951,5
5,0212f21ff2ff1f12,True,2415483410,2415483404,6
5,010123ff2fff2f11,True,2590379233,2590379227,6
5,01201f3fff1ff122,True,2866424366,2866424360,6
5,01201fff3122fff1,True,1839033047,1839033041,6
5,00f02f32fff21f12,True,1769749973,1769749968,5
5,00022fff3f22f11f,True,1675275742,1675275736,6
5,00022ffffff21312,True,1610059721,1610059715,6
5,020f2f0f1f3ff212,True,2130591901,2130591894,7
5,00f03f301f2f2f1f,True,2069213852,2069213845,7
5,00003ffff1f132f2,True,1408331830,1408331824,6
5,00003fff2f31f1f2,True,1559023786,1559023781,5
5,000f3f0ff1f2f231,True,2618914069,2618914063,6
5,00f1ff211232ff1f,True,2393661117,2393661111,6
5,00f1ff12f2f3f112,True,2642506177,2642506171,6
5,0011ff2ff2f21f31,True,1614068528,1614068523,5
5,0011ff2ff1f12f32,True,1388930852,1388930847,5
5,0002fff21232fff1,True,2443662180,2443662174,6
5,0020fff231ff2f12,True,1325704089,1325704084,5
5,1103ff111fff221f,True,1800774570,1800774563,7
5,00f00f33ff122ff1,True,2313098310,2313098304,6
5,001f1ff2ff121f23,True,1690685621,1690685616,5
5,00311f2f0f13ff1f,True,2436782826,2436782819,7
5,00042fff21ff001f,True,2968230445,2968230439,6
5,000f03fff13f013f,True,3308415997,3308415993,4
5,003f00fff13ff221,True,3081127018,3081127013,5
5,002f2033f0f11fff,True,2862345865,2862345859,6
5,00ff20f2121f32ff,True,2628587465,2628587459,6
5,10f120ff11ff2f23,True,2228761170,2228761164,6
5,00f2113f2f1f21ff,True,2649108646,2649108639,7
5,00ff211312f2f1ff,True,2684927416,2684927410,6
5,00ff21312ff202ff,True,2922971764,2922971758,6
5,001f12fff1f312f2,True,1679908854,1679908848,6
5,003f32ff1f2100ff,True,2674257274,2674257268,6
5,00211fff21ff12f3,True,2045299890,2045299885,5
5,10f120ff30ff13f1,True,2230524719,2230524713,6
5,00f0f0f32f2f113f,True,2311163477,2311163471,6
5,002f02f3f1221fff,True,2480016913,2480016908,5
5,001f12f3f2ff121f,True,2076780919,2076780912,7
5,00030ff3ff3f00f2,True,2586566745,2586566739,6
5,00f12f1f01f313ff,True,2042286117,2042286111,6
5,102f20ff1ff1f123,True,1807745299,1807745293,6
5,00f130ff10fff322,True,2372293795,2372293790,5
5,00f3f1ff12121f2f,True,1329576524,1329576519,5
5,01ff22ff11f22f21,True,2908134899,2908134894,5
5,1f23f2f0ff002f12,True,1532149126,1532149120,6
5,00f2132f121ff1ff,True,3092103776,3092103771,5
5,00f31fff0021ff23,True,2006307827,2006307821,6
5,00f12f2f023ff1f2,True,1895712516,1895712510,6
5,002f2ff1f1ff0232,True,1538110340,1538110335,5
5,000f3ff101ff03f3,True,2194324713,2194324707,6
5,001ffffff1320032,True,2509666889,2509666883,6
5,11f1fff2103f20f2,True,1348692561,1348692556,5
5,00f130fff11f1f23,True,2354017244,2354017238,6
5,01f121f30f1ff2f2,True,1432825485,1432825479,6
5,01ff21f1f3ff0221,True,1912192099,1912192093,6
5,00f2f1f2012f3ff2,True,1974241756,1974241750,6
5,010f22ff21f2f22f,True,2662448226,2662448221,5
5,003ff212ff1f00f3,True,2499282064,2499282059,5
5,00fff21221f11ff3,True,2005862510,2005862504,6
5,00f2f21f0033ff1f,True,2721491571,2721491566,5
5,11f1f2f3202ff01f,True,1999766316,1999766310,6
5,02f1f2ff01f11f32,True,1379445704,1379445698,6
5,00f1033fff2f11f1,True,1807993724,1807993719,5
5,001f0f3f222ff2f1,True,2402525278,2402525272,6
5,003f0ff1f1121ff3,True,2118543655,2118543649,6
5,00f21f2f212f2f2f,True,2667136036,2667136029,7
5,00f31f3ff1210ff1,True,2335401201,2335401194,7
5,00ff1fff23f22111,True,2770027884,2770027879,5
5,00f12ff212ff31f1,True,1281642074,1281642069,5
5,01f12f1f0fff2132,True,1544264024,1544264019,5
5,013f2f2f0ff121f1,True,1979239250,1979239244,6
5,00f13fff013f1f21,True,1870073612,1870073606,6
5,0232fff101f121ff,True,2067712347,2067712342,5
5,1f12ff1031f1f21f,True,1398153179,1398153173,6
5,0013f0ff123fff11,True,2149324728,2149324722,6
5,020f21fff3f111f2,True,2312995914,2312995908,6
5,0213f1f112fff11f,True,1854259571,1854259565,6
5,021ff1f1001f3f3f,True,1983445205,1983445199,6
5,010f22ff13fff112,True,3006061071,3006061065,6
5,002ff2131f2f0f2f,True,2721558623,2721558617,6
5,00f1033ff1f1f2f1,True,2432492253,2432492247,6
5,003103fff2f11ff1,True,1646371699,1646371694,5
5,012113ffff2f012f,True,2415529815,2415529809,6
5,00f223f11fff0f22,True,1702247928,1702247922,6
5,01f1231f02f12fff,True,2715279224,2715279219,5
5,0001f3ff2f2f013f,True,2260150698,2260150692,6
5,121ff3102f10f2ff,True,2320835401,2320835395,6
5,00f10f3ff1f123f1,True,1643085404,1643085399,5
5,00f21f321f2f1f1f,True,2148717356,2148717351,5
5,01112fff11fff213,True,2377581656,2377581651,5
5,113f2f1f12fff002,True,2078172818,2078172812,6
5,0003fff101232fff,True,2207016586,2207016580,6
5,0001fff3f1ff0232,True,2143415907,2143415901,6
5,01f2fff200f32f21,True,1638315299,1638315293,6
5,113fff2110f3f00f,True,2118025213,2118025207,6
5,021fff2300f2f1f2,True,2129386457,2129386451,6
5,10ff30ff1f212f12,True,2599727898,2599727892,6
5,002f21f31f11fff2,True,2474097206,2474097200,6
5,00f2f1f22f1f1f13,True,1537118739,1537118734,5
5,0022f1ff2f111f3f,True,1656801345,1656801339,6
5,0132f1f1ff2f02f1,True,1831454245,1831454239,6
5,02fff12f1ff22211,True,2223071476,2223071470,6
5,0f11f1321f2fff11,True,2134899445,2134899439,6
5,100f22ff123fff11,True,2436786107,2436786101,6
5,110f32f121ff1f1f,True,1709581526,1709581520,6
5,110ff2131fff21f1,True,1472723257,1472723251,6
5,001f23f211ffff12,True,1832983139,1832983133,6
5,00f2231f02f2ff1f,True,2311794166,2311794161,5
5,0121f3f1f2ff01f2,True,1884321285,1884321279,6
5,013f1f21f11f1ff2,True,1927714150,1927714144,6
5,013f1f12f1f21ff1,True,1726903602,1726903597,5
5,012f1ff131211fff,True,2298750717,2298750712,5
5,012f1f1fff2302f1,True,1412628018,1412628013,5
5,00212f3fff2f11f1,True,1739744801,1739744794,7
5,02122f2f21ff1ff1,True,1817563439,1817563433,6
5,020f2ff1f21311ff,True,1606516020,1606516015,5
5,00103ffff2f111f3,True,1805204694,1805204688,6
5,00004f1ff1f11ff2,True,1440965321,1440965316,5
5,0012ff2f1f1f123f,True,2230865659,2230865653,6
5,1011fff2f31f1f21,True,1668452635,1668452629,6
5,01f1ff2101232fff,True,2416725502,2416725497,5
5,02ffff1222ff1121,True,1428658074,1428658068,6
5,022fff1f12f221f1,False,0,69863642,
5,121fff3110f3f00f,True,1944449545,1944449540,5
5,1202ffffff111222,True,2300607877,2300607870,7
5,01f321f1fff11f12,True,1391362941,1391362936,5
5,1021f1fff2ff1311,True,2918592405,2918592399,6
5,021ff1f1f2f10f32,True,2072995236,2072995230,6
5,1f12f13f1ff2200f,True,1312472073,1312472068,5
5,12f1221ffff220f1,True,1148865974,1148865970,4
5,100f322ff1f11f2f,True,2105124518,2105124512,6
5,00fff2212fff1311,True,1897098008,1897098001,7
5,02f3f2f1f1f10f12,True,2141720070,2141720064,6
5,01f023f2fff1112f,True,1784407189,1784407183,6
5,111f23ff1ff1f012,True,1686157971,1686157966,5
5,010ff30f2f1f113f,True,3100759598,3100759594,4
5,12f1f31f11fff012,True,1821301807,1821301802,5
5,00130fff3111ff2f,True,2145603044,2145603038,6
5,002f2f312fff1f11,True,1593584574,1593584569,5
5,011f2ff13fff1121,True,1800375013,1800375008,5
5,02023f1ff1fff211,True,2251940315,2251940310,5
5,001fff3f1f2f2211,True,2481276392,2481276385,7
5,01f1ff210f22ff13,True,2467529481,2467529475,6
5,010fff0311f12f3f,True,1928743117,1928743111,6
5,1102ff1ff1f32f11,True,1784584320,1784584314,6
5,1121ff3f2102ff0f,True,2896840486,2896840481,5
5,12f2ff001f1ff123,True,1550065062,1550065057,5
5,0f12fff221212ff1,True,1682154305,1682154299,6
5,021f31f11fff2f11,True,1413731712,1413731706,6
5,102ff11fff22221f,True,1847713238,1847713232,6
5,100f22f3ff121ff1,True,1991838513,1991838507,6
5,200ff21f1321f1ff,True,2647273216,2647273210,6
5,01f1f2f11f31f2f1,True,1750720131,1750720125,6
5,1f12f2211fff20f2,True,1264425802,1264425796,6
5,000ff31f02f1f32f,True,2512536794,2512536788,6
5,1112f3fff1211f0f,True,1594465443,1594465438,5
5,00221fff1f123ff1,True,1618227295,1618227289,6
5,01022fffff1312f1,True,1191644793,1191644788,5
5,01022fff211fff31,True,1959528146,1959528140,6
5,110f2f1f1321f1ff,True,2346504514,2346504508,6
5,02222ff1ff1211ff,True,2002378366,2002378360,6
5,100f3fff2f21121f,True,1857047396,1857047390,6
5,0112fff1122f2ff2,True,1669855660,1669855655,5
5,0112fff13fff1211,True,1584253989,1584253983,6
5,0111ff2f2f1f13f1,True,1631268821,1631268815,6
5,0120fff22f22f1f2,True,1769424761,1769424756,5
5,0212ffff11122f2f,True,1597434198,1597434192,6
5,121fff10f23021ff,True,1936991404,1936991398,6
5,0132f1f11ff1ff12,True,2432433938,2432433933,5
5,0302f12f1ff2f1f1,True,1533000742,1533000736,6
5,0021f3f2f2f1f11f,True,2607485064,2607485058,6
5,00f0f331f1ff2f11,True,1860817448,1860817442,6
5,01f11f23fff11f12,True,1138599630,1138599625,5
5,00f12f2ff112f3f1,True,2019628160,2019628154,6
5,001f2f2ff3f11f21,True,2025657540,2025657534,6
5,01f02ff2f2222f1f,True,1545393627,1545393622,5
5,02012fff12f1f31f,True,1541184011,1541184005,6
5,00103fff3ff1211f,True,2243122902,2243122896,6
5,01213f1ff2ff0f21,True,1931789722,1931789717,5
5,0201fff2212f2ff2,True,1834896866,1834896860,6
5,120fff1121ff1f31,True,1431605258,1431605252,6
5,00f2f12f1f11ff32,True,2465179747,2465179742,5
5,00321f2f1f21fff1,True,2426438173,2426438167,6
5,0021ff23ff2f01f2,True,2719138425,2719138419,6
5,1f12ff104000ff1f,True,2731005377,2731005371,6
5,002ff1f213ff00f3,True,1791506560,1791506554,6
5,00f310fff021f23f,True,2058006327,2058006321,6
5,003f10ff2032fff1,True,2562892053,2562892047,6
5,013f121ff1ff02f2,True,2933086058,2933086053,5
5,00f31fff01f1f132,True,1551607508,1551607502,6
5,001f30f31ff121ff,True,2196722974,2196722968,6
5,00f2f1f22fff0123,True,1560806019,1560806014,5
5,00f3f13f02f11f1f,True,1887035879,1887035873,6
5,001f223f21ff1f1f,True,3038784820,3038784815,5
5,00040ff13ff100ff,True,2437934955,2437934949,6
5,003f0ff1f11312ff,True,1806834422,1806834416,6
5,00ff1ff30131f21f,True,2408436078,2408436072,6
5,003f1fff01222f2f,True,2461113807,2461113802,5
5,00fff03222ff1f12,True,2208259669,2208259662,7
5,003ff02f21f12f2f,True,2045082662,2045082656,6
5,01f3f12f02f2f1f1,True,1838460529,1838460523,6
5,003ff2f2f21201ff,True,2393608742,2393608736,6
5,012ff2f100f223ff,True,1914482971,1914482966,5
5,001f13ff002fff32,True,2413720307,2413720301,6
5,00ff232f012ff2f1,True,2979973956,2979973950,6
5,003f1ff1022f2ff2,True,2118511176,2118511170,6
5,00311fffff2300f2,True,1934833246,1934833240,6
5,0121ffff12f301f2,True,1368872587,1368872581,6
5,00f131ff12ff2f21,True,2049562798,2049562792,6
5,00f131ff0312f1ff,True,2494976370,2494976364,6
5,003ff1f11fff0312,True,1451741450,1451741445,5
5,01ff32f101f2f21f,True,1821913373,1821913367,6
5,0f02f30ff2122ff1,True,2386118170,2386118164,6
5,00ff1f133ff1012f,True,1746121668,1746121662,6
5,002f2f3f0031fff1,True,2372088421,2372088416,5
5,01ff2ff102f3f121,True,1979520264,1979520258,6
5,020f2fff22f2112f,True,2625031224,2625031219,5
5,00f13ff10123f1ff,True,2081865987,2081865981,6
5,002f3f2f01f2f12f,True,2143384427,2143384421,6
5,0013ff1f01f213ff,True,1892725631,1892725625,6
5,0022ff2f1ff301f2,True,1692446512,1692446507,5
5,1f13ff20f2101f2f,True,1777059672,1777059666,6
5,002f30fff2f2f121,True,2643237584,2643237579,5
5,00f2f0f3f2121f2f,True,1562110382,1562110377,5
5,10f2f1ff122f2f12,True,2463274898,2463274893,5
5,012f12ffff21212f,True,1859052450,1859052444,6
5,002ff2f2211f2ff2,True,1731066704,1731066699,5
5,010f1f3f2212f1ff,True,2485153114,2485153107,7
5,0003ff2f02ff1f13,True,1744019198,1744019192,6
5,0123fff101221fff,True,2366021695,2366021688,7
5,1212fff023002fff,True,2260258745,2260258738,7
5,1022f1ffff1111f3,True,1674036957,1674036951,6
5,002f32ffff2f1111,True,2517141389,2517141384,5
5,00fff232f12f1f11,True,2466213722,2466213715,7
5,12fff2211fff2012,True,1818225469,1818225463,6
5,012123ff0f1ff12f,True,2240422762,2240422755,7
5,01f2f32121ff0f1f,True,1818981786,1818981781,5
5,012ff32112ff0ff1,True,2103103428,2103103423,5
5,0f0ff302ff2f1122,True,2702436952,2702436946,6
5,1f1ff3002f2121ff,True,2056278951,2056278945,6
5,00f31ff12121ff2f,True,1692973363,1692973357,6
5,001f3ff1f212ff21,True,1878397973,1878397967,6
5,0122fff101f132ff,True,1788982589,1788982584,5
5,012fff2101f32ff1,True,1710642765,1710642759,6
5,121fff201212fff2,True,2771063485,2771063478,7
5,0f12fff1131ff121,False,0,0,
5,0f11fff231211f1f,True,1188281571,1188281566,5
5,200ff03f1f212ff2,True,1831278906,1831278901,5
5,002ff2f2f12f2f12,True,1634514699,1634514693,6
5,1013f2ffff1211f1,True,2002619358,2002619352,6
5,01f1f2f2021ff3f1,True,1998345374,1998345367,7
5,0110f3ff1f2f21f2,True,1742288358,1742288353,5
5,01f22f1f02f13ff1,True,1968101196,1968101190,6
5,01f12ff32f1f0f21,True,1162336485,1162336480,5
5,01ff2f1f22f22f11,True,2183154860,2183154853,7
5,121f2f2f21201fff,True,2503411384,2503411377,7
5,012f3ff111fff211,True,2021686518,2021686513,5
5,011fff2fff122221,True,2777824993,2777824988,5
5,0312ff210f2f1ff1,True,1718554246,1718554240,6
5,0f12f1f22f2f12f1,True,621318215,621318211,4
5,0f12f1f2f121f2f2,True,2391211547,2391211540,7
5,1021f2ff2f12f12f,True,1585334876,1585334870,6
5,03f1f21f02f12ff1,True,1778431248,1778431242,6
5,0f0ff2031ff2212f,True,2087364070,2087364064,6
5,01f2f32101ffff21,True,2377127647,2377127640,7
5,020ff3f2f2f1111f,True,1817363638,1817363632,6
5,0022ffff2f21031f,True,1712173789,1712173784,5
5,0122ff1f12fff212,True,1866301307,1866301301,6
5,0112ff2f211f2ff2,True,1846429382,1846429376,6
5,01f1fff221f1f222,True,1176802891,1176802886,5
5,0231ff1f0f122ff1,True,1668225579,1668225574,5
5,0222fff2f2f10f21,True,2079659745,2079659739,6
5,02f1fff1021ff231,True,1773820098,1773820093,5
5,1202fff11f1f22f2,False,0,164912676,
5,0f13ff21f2ff1111,True,2082808316,2082808310,6
5,032ff1f10f122ff1,True,1555205136,1555205131,5
5,0f21f1f2f2f20f22,True,2033917079,2033917073,6
5,1212f22f2ffff002,True,1948488480,1948488473,7
5,100f3ff111fff311,True,2101190782,2101190776,6
5,121f3f20f1f021ff,True,2179676678,2179676672,6
5,200fff2212f12f2f,True,1380359157,1380359152,5
5,1121ff1ff12130ff,True,1970384036,1970384030,6
5,0f0fff2221f1222f,True,2024703128,2024703123,5
5,0031fff1f1f1f131,True,2205712180,2205712174,6
5,0123ff12f1ff0f12,True,1779243488,1779243483,5
5,0121ff2ff1310ff2,True,2460687464,2460687458,6
5,00fff0ff103122f3,True,3368979191,3368979187,4
5,001410fff0ff1f12,True,2349344912,2349344906,6
5,00002ff40fff00f3,True,2146714829,2146714822,7
5,01ff21f20f3f21f1,True,2281712158,2281712152,6
5,003f13f1f12f01ff,True,2495052146,2495052140,6
5,00131f3ff2ff00f2,True,2231184928,2231184923,5
5,001ff1f30ff112f3,True,1460961416,1460961410,6
5,00f113f301f1f2ff,True,2010111099,2010111093,6
5,00f3f12f12f1f1f2,True,1823532738,1823532732,6
5,21fff1210032f1ff,True,2792991795,2792991789,6
5,11f2f21f12f220ff,True,1916277333,1916277327,6
5,00321fff0021f3ff,True,2744808041,2744808036,5
5,002fff13f1ff0032,True,2261908535,2261908529,6
5,103ff0f2f2ff1211,True,1926755631,1926755625,6
5,002f31ff221f1ff1,True,2394922754,2394922748,6
5,01f1f13f1ff221f1,True,1089547179,1089547174,5
5,001ff2ff1f13212f,True,1897683626,1897683620,6
5,01f11ffff131212f,True,1490380483,1490380478,5
5,003ff1f20ff22f21,True,1646384471,1646384464,7
5,01fff1f103311f1f,True,2195395871,2195395865,6
5,03f1f1f10131f1ff,True,2557747073,2557747067,6
5,001f32ff0f311ff1,True,2063327751,2063327745,6
5,0031f2ff12f1f21f,True,1734264112,1734264106,6
5,00fff2f122f3f111,True,1913899351,1913899346,5
5,002ff31f0f2f12f2,True,2050644418,2050644412,6
5,1122f31f102ff0ff,True,3349723396,3349723390,6
5,01302fff111ff22f,True,2257873301,2257873294,7
5,01302fff21ff1f12,True,1613099280,1613099275,5
5,001f3ff202f2f1f2,True,1542021572,1542021567,5
5,00ff3f1221f20ff2,True,2303979448,2303979442,6
5,00f1ff23f2f2012f,True,2211558173,2211558167,6
5,10f320ffff21f112,True,1818737807,1818737801,6
5,103ff02f1ff1f212,True,1735010650,1735010644,6
5,00fff1f2f212131f,True,2683117208,2683117202,6
5,00f2f1ff12f13f12,True,1325250686,1325250680,6
5,00fff1f2ff232111,True,2125749293,2125749287,6
5,01fff2221f1f22f1,True,1980482629,1980482623,6
5,01f0f2fff11122f3,True,2253038629,2253038623,6
5,003f2ff1fff10222,True,1933652223,1933652217,6
5,01222ffff2ff2111,True,2616942130,2616942125,5
5,001f3f2f0ff203f1,True,1770177511,1770177505,6
5,0023ff1f1f1f212f,True,2478768489,2478768483,6
5,00f2fff121f31f12,True,1453119960,1453119954,6
5,0012ffff0f2f0313,True,1962362487,1962362481,6
5,020ffff122f3111f,True,1799336835,1799336829,6
5,122fff111222ff0f,True,2406427998,2406427992,6
5,00f123ff12f1ff21,True,2075499156,2075499150,6
5,01131fffff1f1221,True,1707449759,1707449754,5
5,00f12f3f1ff2f211,True,1690822378,1690822372,6
5,010f2f3f11f2ff21,True,2131965755,2131965749,6
5,0032ff1f03f11f1f,True,1643338332,1643338326,6
5,0012ffff23ff1211,True,2603863638,2603863631,7
5,00f1ff2f1f3103f1,True,2063352719,2063352713,6
5,02f0ff1f1f232f11,True,1486794036,1486794031,5
5,121ff12f0ff22f12,True,1295774199,1295774194,5
5,12f2f1f12f10f2f2,True,1636613291,1636613286,5
5,100ff2ffff211312,True,1862362555,1862362549,6
5,0120f3ff12f12f1f,True,1537691676,1537691671,5
5,00f23ff1f2f10f22,True,2011610383,2011610377,6
5,010f3ff2f1f1221f,True,1594715658,1594715652,6
5,0012ffff31221ff1,True,1540049926,1540049920,6
5,002ffff13f1202f2,True,1641289032,1641289026,6
5,1011ff3ff1212f1f,True,1955488946,1955488941,5
5,0102fff32f12f1f1,True,1676170299,1676170294,5
5,01f0fff221222ff2,True,1853620117,1853620111,6
5,110ffff111232ff1,True,1881613654,1881613648,6
5,020fff1ff2f31112,True,2311305786,2311305780,6
5,0f01ff2312fff112,True,1782517516,1782517510,6
5,0f02fff1232f11f1,True,1858549023,1858549017,6
5,001010f04f2f2fff,True,2994915651,2994915645,6
5,2f0ff10f1231f12f,True,2416553597,2416553592,5
5,21121ffff222f10f,True,2237219477,2237219470,7
5,0012fff32f21f11f,True,1804760257,1804760252,5
5,00f2fff12f2113f1,True,2037799644,2037799638,6
5,01f1ff1f1322f1f1,True,1857926005,1857925999,6
5,0111ffff1f2f3112,True,1888422669,1888422663,6
5,121ff2f12f0013ff,True,1793286798,1793286793,5
5,00f1ff321f2f0f22,True,2080922867,2080922861,6
5,002f1f3f12ff02f2,True,2587834530,2587834524,6
5,002f1fff1ff10041,True,2109698155,2109698149,6
5,001f32ff0f3f01f2,True,2143620130,2143620124,6
5,00f12fff023212ff,True,2553432460,2553432455,5
5,01f1f1ff01f3131f,True,1546213768,1546213763,5
5,00f312f31f1f0ff1,True,1923595410,1923595404,6
5,002f1fff21f20f23,True,1819915692,1819915686,6
5,00132fff01f11ff3,True,1716646889,1716646883,6
5,00f2f0ff21f2321f,True,1758387355,1758387350,5
5,000ff2ff023ff131,True,3217648833,3217648828,5
5,00ff11fff213f221,True,3398523515,3398523510,5
5,001ff1fff23121f2,True,2459089668,2459089661,7
5,00f1f1ff0f31312f,True,1984809122,1984809115,7
5,00000f12f412ffff,True,3334345770,3334345765,5
5,0000102f2ff4ff1f,True,2096062909,2096062903,6
5,00fff02f1f312f22,True,2473726448,2473726442,6
5,13f1f023f0ff200f,True,2329970535,2329970529,6
5,010f1fff231f12f2,True,2116038659,2116038652,7
5,000f2fff12322ff1,True,2164760663,2164760657,6
5,0f02ff0f1f0f2331,True,2094321106,2094321100,6
5,001fff1f32ff0222,True,2420431944,2420431938,6
5,001ffff10f2303f2,True,1972890837,1972890831,6
5,131f302ff0fff002,True,2923447016,2923447011,5
5,200ff0fff211232f,True,2491470558,2491470552,6
5,0011ffff2f1f3221,True,2042562111,2042562105,6
5,100ffff1321221ff,True,2137960530,2137960524,6
5,100ffff11f22f231,True,1915786497,1915786491,6
5,00f0f2ffff221312,True,2245707348,2245707342,6
5,0101ffff221f23f1,True,2088606128,2088606122,6
5,110fff0f32f121f2,True,2069371283,2069371278,5
5,0014f12f01ff01ff,True,3262358597,3262358592,5
5,000002f14f1f2fff,True,2377352031,2377352025,6
5,000fff2f0131ff23,True,2737414290,2737414284,6
5,000100f21ffff24f,True,2052529109,2052529102,7
5,00f1f1ff00322f3f,True,2044393190,2044393184,6
5,0002ffff004112ff,True,2519253034,2519253028,6
5,000001f22ff4f1ff,True,2101519429,2101519423,6
5,0002ffff003303ff,True,2521776651,2521776645,6
5,000000ff3141ffff,True,3094010145,3094010141,4
5,00fff01f12f2322f,True,2358842892,2358842885,7
5,001f0fff22f2f123,True,2209205918,2209205912,6
5,0021001ff3ff2ff3,True,2138236770,2138236764,6
5,00010f210fff2f4f,True,2222079205,2222079199,6
5,000110f232fff3ff,True,3270292274,3270292269,5
5,0010102ff3ff2f3f,True,2510153965,2510153959,6
5,122f30f3f0f1f00f,True,2591137422,2591137416,6
5,00f1f0fff2212f32,True,1991591030,1991591024,6
5,123ff31110fff00f,True,2678751147,2678751141,6
5,000fff1f2f3f0231,True,2672252833,2672252828,5
5,000000ff4fff1f31,True,2682687092,2682687087,5
5,00f010213ff2ff3f,True,1948482125,1948482119,6
5,0000f00f1f4ff3f1,True,2057749476,2057749470,6
5,000f1201ff3f2f3f,True,2735828589,2735828583,6
5,000ffff1132f0f32,True,2187534259,2187534254,5
5,00002023ff2f3fff,True,2825768088,2825768082,6
5,000ff1ff1f1204f1,True,1877128036,1877128031,5
5,000fff1f113f3f21,True,2643010126,2643010120,6
5,000ffff132f1f131,True,2065667904,2065667898,6
5,00f0fff113ff3211,True,1971427260,1971427254,6
5,0021001fff1fff41,True,3268252315,3268252310,5
5,000100ff313f3fff,True,3096307416,3096307412,4
5,001210f1f3ff1ff3,True,1515044092,1515044086,6
5,000f0221ff3f13ff,True,2554021210,2554021205,5
5,000f0212ff331fff,True,3033688348,3033688344,4
5,0003001f0fff4ff1,True,2476346391,2476346385,6
5,0031000fff3f3f1f,True,2447522972,2447522966,6
5,00f0001ff3f3ff31,True,2421839218,2421839212,6
5,000f2201f3ff1ff3,True,1809244847,1809244841,6
5,000003f113ffff3f,True,2363302662,2363302656,6
5,0000130fff0fff41,True,3126175952,3126175947,5
5,000100ff241ffff2,True,2068432823,2068432817,6
5,00f02021f3f3fff1,True,3021158887,3021158881,6
5,000f0221fff13ff3,True,2387243059,2387243054,5
5,00f00221fff3f3f1,True,1857119423,1857119417,6
5,00010f03ff0fff41,True,3028590074,3028590069,5
5,00032021fff3ff1f,True,2863720464,2863720458,6
5,0010003f10f4ffff,True,2783233758,2783233753,5
5,000f101f42ff11ff,True,3429667750,3429667746,4
5,000200ff24ff0f2f,True,2746038871,2746038866,5
5,000f002fff3f322f,True,3184213956,3184213952,4
5,002020f2f0fff3f3,True,2150301716,2150301710,6
5,00f001f1ff3f32f2,True,1489277443,1489277437,6
5,000f1212f3ff0ff3,True,2636874172,2636874167,5
5,001102f23fff2f2f,True,2206731275,2206731268,7
5,0000f02ff1f1f4f2,True,2510851578,2510851572,6
5,000f01f1fff23f23,True,1851977752,1851977746,6
5,00201f1223fff2ff,True,3026068044,3026068038,6
5,001f2021f3f2ff2f,True,2393429105,2393429099,6
5,003011f0f3ffff22,True,2416243217,2416243211,6
5,000011ff3f23ff2f,True,2143861812,2143861806,6
5,00020f0f23ff3ff2,True,2184746188,2184746182,6
5,00021f21f2fff3f2,True,1902544187,1902544180,7
5,00001f1ff1ff14f2,True,2420883088,2420883082,6
5,0010f1f024fff1f1,True,2335592104,2335592098,6
5,001f00f13f3f22ff,True,2430711189,2430711183,6
5,00f10032ff2f1ff3,True,1900865240,1900865234,6
5,001f20221ffff2f3,True,1686533109,1686533104,5
5,0003201f1f3ff2ff,True,2825930189,2825930182,7
5,00020014ffff2f1f,True,2179081719,2179081713,6
5,001200042ff1ffff,True,3124775501,3124775496,5
5,0011212f12fff3ff,True,3286685773,3286685769,4
5,00f021221ff32fff,True,2980610897,2980610892,5
5,00020ff1fff411f1,True,2150890749,2150890743,6
5,0003201fffff312f,True,2392331119,2392331113,6
5,00f1011ff23ff31f,True,2836852012,2836852005,7
5,001002ff13f23fff,True,2349630750,2349630744,6
5,002022f112fffff3,True,2508505917,2508505911,6
5,0001f20f411ffff1,True,2475526037,2475526031,6
5,001200ff3321ffff,True,3077492989,3077492984,5
5,001f00f2fff3f321,True,2101634340,2101634334,6
5,201f1021f1fff32f,True,2671340213,2671340207,6
5,00f01131ffff321f,True,2030673196,2030673190,6
5,000331112fff1fff,True,3393841727,3393841723,4
5,1001310fff12f3ff,True,2274794431,2274794425,6
5,1002f121ff1f3ff2,True,2309081094,2309081088,6
5,00130222f2fffff1,True,2878227798,2878227792,6
5,0003120f3f2ff1ff,True,2782352210,2782352203,7
5,00011f13fff321ff,True,2111210621,2111210616,5
5,000210ff33f1fff2,True,2344339096,2344339089,7
5,100ff011ff3ff312,True,2812788132,2812788126,6
5,003001f23f1ffff2,True,2147058685,2147058679,6
5,000012ffff1f233f,True,2412928655,2412928649,6
5,0102121ffff21f3f,True,1658103767,1658103761,6
5,001032302fff1fff,True,3395332966,3395332962,4
5,0010f2f0f33f21ff,True,2650152858,2650152853,5
5,00100f233fff1f2f,True,1937113415,1937113410,5
5,00301f20f31fff2f,True,2693693010,2693693004,6
5,00012f0f1f0ff24f,True,2863020226,2863020221,5
5,00013023ffffff12,True,2942672570,2942672564,6
5,0001f02ffff1f332,True,2555846225,2555846219,6
5,100221f1ff32ff1f,True,3116609375,3116609370,5
5,0000f12f3f2f1f3f,True,2682213636,2682213630,6
5,000f02f1ff12f33f,True,2160822729,2160822723,6
5,01021213fff1ff2f,True,2949039605,2949039599,6
5,0010f2f02ff1f3f3,True,1644996383,1644996377,6
5,000013f2ff32f1ff,True,2259835636,2259835629,7
5,00f00f12f3ff23f1,True,1952552697,1952552691,6
5,00f00f21ff323f1f,True,2031325337,2031325331,6
5,00001ff2f3f2f13f,True,1822541899,1822541893,6
5,10f12012f3ffff21,True,2524888052,2524888046,6
5,000f21223f1ffff2,True,2624188668,2624188663,5
5,10212212ffff2f1f,True,2090063338,2090063331,7
5,00f032103ffff12f,True,2336650236,2336650230,6
5,0010f230fff21ff3,True,2588308666,2588308660,6
5,002010ffff12ff33,True,2591713652,2591713647,5
5,000f012f1ff402ff,True,2287029794,2287029788,6
5,000f0f12f1f3ff23,True,2503163384,2503163377,7
5,00010ff20f2fff41,True,2369429013,2369429007,6
5,000102ff0f4ff12f,True,2562870776,2562870770,6
5,000300ffff1f31f3,True,1796137322,1796137316,6
5,003000fffff3131f,True,1755500207,1755500201,6
5,00f110f2f22f2ff3,True,1995736273,1995736267,6
5,00211232ffff02ff,True,2944130902,2944130897,5
5,02fff3ff002f1212,True,3243221900,3243221896,4
5,00f2101ff133ff1f,True,2560862374,2560862368,6
5,00f1102ffff3f131,True,1831286675,1831286669,6
5,000320f22f2ff2ff,True,2139647243,2139647237,6
5,00ff20112f3ff22f,True,2672684335,2672684329,6
5,0000400fff22fff2,True,3097796521,3097796515,6
5,00ff111122ff3ff2,True,3013718960,3013718954,6
5,000211ff22ff3ff2,True,2382451451,2382451445,6
5,01f121213fff02ff,True,3203960543,3203960538,5
5,000f02230f23ffff,True,3280724308,3280724303,5
5,000f02f232ff2f2f,True,1951152472,1951152465,7
5,00011ff21f4f0f1f,True,1997684448,1997684442,6
5,00023f11ffff3f11,True,1406284808,1406284802,6
5,001120ff1ff1ff33,True,2128170891,2128170885,6
5,000f20f2f31ff1f3,True,2370401013,2370401007,6
5,000f20f2ff1f13f3,True,1651418523,1651418517,6
5,001021f32ff2f2ff,True,1848829480,1848829474,6
5,00f10213fff11f3f,True,1416021395,1416021389,6
5,000f02231ff1ff3f,True,2145644259,2145644253,6
5,0022121f0f3ffff2,True,2618999406,2618999399,7
5,002213120ffff2ff,True,3028345615,3028345609,6
5,002200ff3ff1ff13,True,1819967706,1819967700,6
5,0030f022ffff222f,True,2096429607,2096429601,6
5,002221f1f1ffff31,True,1995212506,1995212500,6
5,001021f33ffff1f1,True,1666171029,1666171023,6
5,0020f2f011ff3f3f,True,2274093400,2274093394,6
5,00110f2f2f3f2ff2,True,1970078802,1970078796,6
5,00000f3f2f322fff,True,2432442772,2432442766,6
5,010f1f1123ff22ff,True,3040449100,3040449095,5
5,00022f0fffff3311,True,2183290463,2183290457,6
5,131f3ffff101f002,True,2164350084,2164350078,6
5,13f1ffff12002f12,True,1158119961,1158119956,5
5,1002f0f1f3f3ff11,True,2555106112,2555106105,7
5,0010f1f2fff3f311,True,2442689471,2442689465,6
5,00f0121ff3f2f22f,True,2651041051,2651041045,6
5,0001f312f1fff3f1,True,2460915607,2460915601,6
5,00000ff33ff31f1f,True,1847980826,1847980820,6
5,00201f1fffff2232,True,1987908189,1987908183,6
5,02012f12ffff13f1,True,1366332934,1366332929,5
5,100ff012fff3131f,True,1748053991,1748053985,6
5,100f32011fffff31,True,2150024486,2150024481,5
5,0002f1f12f3fff22,True,1855541734,1855541729,5
5,0020f2f03f13f1ff,True,1822831280,1822831274,6
5,000f1321ff22f2ff,True,2181104003,2181103997,6
5,00031f12ffff2f22,True,1555775931,1555775926,5
5,010f1f02ff31f13f,True,2560323752,2560323746,6
5,00212f12fffff131,True,2449373485,2449373479,6
5,00011f32fff31f1f,True,1772926553,1772926547,6
5,00120ff1f131ff3f,True,2776577984,2776577978,6
5,00f1102ff3ff11f3,True,1763236014,1763236008,6
5,001210ff2ff322ff,True,2184931746,2184931740,6
5,002020fff01f1ff4,True,2035443948,2035443943,5
5,000f00330f23ffff,True,3256253803,3256253798,5
5,000300fff0f3f3f2,True,2264336643,2264336637,6
5,00f0202f1ff3f1f3,True,2307845466,2307845461,5
5,000202ff02f3fff3,True,2454149902,2454149896,6
5,00000fff02fff224,True,2878287992,2878287986,6
